HMDB	m/z	NAME.x	shapiro_pvalue	p_val	log2FC	RT_min	RT_sec	padj	RT	adductRelationScore	RTscore	Identifier	Name	Formula	Adduct	Molecular.Weight	PPM.Error	Ionization.Score	Final.Score	Kegg	Kegg_URI	HMDB_URI	LipidMaps	LipidMaps_URI	Metlin	Metlin_URI	PubChem	PubChem_URI	NAME.y	SMILES	INCHIKEY	CHEMICAL_FORMULA	AVERAGE_MASS	MONO_MASS	MS2_annot	annot_level
HMDB0002017	122.0957	peak17	0.763499387022756	0.000130377093629214	-0.714149880224206	2.12525	127.515	0.0131680864565506	2.12525	-2	-2	76538	1-Phenylethylamine	C8H11N	M+H	121.089149357	6	-2	-2	C02455	http://www.genome.jp/dbget-bin/www_bget?cpd:C02455	http://www.hmdb.ca/metabolites/HMDB0002017			58	https://metlin.scripps.edu/metabo_info.php?molid=58	7408	https://pubchem.ncbi.nlm.nih.gov/compound/7408	1-Phenylethylamine	CC(N)C1=CC=CC=C1	RQEUFEKYXDPUSK-UHFFFAOYSA-N	C8H11N	121.1796	121.089149357	NA	Level_3
HMDB0004866	806.5656	peak458	0.0820036124885462	3.74978366632694e-05	-1.16687402933277	5.916083333	354.96499998	0.0131680864565506	5.916083333	2	-2	76887	Lactosylceramide (d18:1/12:0)	C42H79NO13	M+H	805.555141619	4	-2	2			http://www.hmdb.ca/metabolites/HMDB0004866			7123	https://metlin.scripps.edu/metabo_info.php?molid=7123	20057304	https://pubchem.ncbi.nlm.nih.gov/compound/20057304	LacCer(d18:1/12:0)	[H][C@@](CO[C@@H]1O[C@H](CO)[C@@H](O[C@]2([H])O[C@H](CO)[C@H](O)[C@H](O)[C@H]2O)[C@H](O)[C@H]1O)(NC(=O)CCCCCCCCCCC)[C@H](O)\C=C\CCCCCCCCCCCCC	KNWHKVBHCLQVFX-CZUYTOTJSA-N	C42H79NO13	806.088	805.555141608	NA	Level_3
HMDB0007921	806.5656	peak458	0.0820036124885462	3.74978366632694e-05	-1.16687402933277	5.916083333	354.96499998	0.0131680864565506	5.916083333	2	1	1781	PC(14:1(9Z)/22:2(13Z,16Z))	C44H82NO8P	M+Na	783.577805117	2	2	1.5157166			http://www.hmdb.ca/metabolites/HMDB0007921	LMGP01011406	http://www.lipidmaps.org/data/LMSDRecord.php?LMID=LMGP01011406	59371	https://metlin.scripps.edu/metabo_info.php?molid=59371	52922294	https://pubchem.ncbi.nlm.nih.gov/compound/52922294	PC(36:3)	CCCCC\C=C/C\C=C/CCCCCCCCCCCC(=O)O[C@]([H])(COC(=O)CCCCCCC\C=C/CCCC)COP([O-])(=O)OCC[N+](C)(C)C	LMYYUVAVNWPEPG-GXAHKNHCSA-N	C44H82NO8P	784.0975	783.577805117	NA	Level_3
HMDB0007980	806.5656	peak458	0.0820036124885462	3.74978366632694e-05	-1.16687402933277	5.916083333	354.96499998	0.0131680864565506	5.916083333	2	1	1384	PC(16:0/20:3(5Z,8Z,11Z))	C44H82NO8P	M+Na	783.577805117	2	2	1.5157166			http://www.hmdb.ca/metabolites/HMDB0007980	LMGP01010622	http://www.lipidmaps.org/data/LMSDRecord.php?LMID=LMGP01010622	59429	https://metlin.scripps.edu/metabo_info.php?molid=59429	24778715	https://pubchem.ncbi.nlm.nih.gov/compound/24778715	PC(16:0/20:3(5Z,8Z,11Z))	CCCCCCCCCCCCCCCC(=O)OC[C@]([H])(COP([O-])(=O)OCC[N+](C)(C)C)OC(=O)CCC\C=C/C\C=C/C\C=C/CCCCCCCC	XMZFUVYOYPLVOA-VLHUWQDUSA-N	C44H82NO8P	784.0975	783.577805117	NA	Level_3
HMDB0007981	806.5656	peak458	0.0820036124885462	3.74978366632694e-05	-1.16687402933277	5.916083333	354.96499998	0.0131680864565506	5.916083333	2	1	1386	PC(16:0/20:3(8Z,11Z,14Z))	C44H82NO8P	M+Na	783.577805117	2	2	1.5157166			http://www.hmdb.ca/metabolites/HMDB0007981	LMGP01010627	http://www.lipidmaps.org/data/LMSDRecord.php?LMID=LMGP01010627	59430	https://metlin.scripps.edu/metabo_info.php?molid=59430	24778719	https://pubchem.ncbi.nlm.nih.gov/compound/24778719	PC(16:0/20:3(8Z,11Z,14Z))	CCCCCCCCCCCCCCCC(=O)OC[C@]([H])(COP([O-])(=O)OCC[N+](C)(C)C)OC(=O)CCCCCC\C=C/C\C=C/C\C=C/CCCCC	SRIGHEHXEGELQJ-YYQUKWHJSA-N	C44H82NO8P	784.0975	783.577805117	NA	Level_3
HMDB0007991	806.5656	peak458	0.0820036124885462	3.74978366632694e-05	-1.16687402933277	5.916083333	354.96499998	0.0131680864565506	5.916083333	2	1.1428572	2512	PC(16:0/22:6(4Z,7Z,10Z,13Z,16Z,19Z))	C46H80NO8P	M+H	805.562155053	5	2	1.622915			http://www.hmdb.ca/metabolites/HMDB0007991	LMGP01012137	http://www.lipidmaps.org/data/LMSDRecord.php?LMID=LMGP01012137	59439	https://metlin.scripps.edu/metabo_info.php?molid=59439	6441886	https://pubchem.ncbi.nlm.nih.gov/compound/6441886	PC(38:6)	CCCCCCCCCCCCCCCC(=O)OC[C@]([H])(COP([O-])(=O)OCC[N+](C)(C)C)OC(=O)CC\C=C/C\C=C/C\C=C/C\C=C/C\C=C/C\C=C/CC	IESVDEZGAHUQJU-ZLBXKVHBSA-N	C46H80NO8P	806.1031	805.562155053	NA	Level_3
HMDB0008012	806.5656	peak458	0.0820036124885462	3.74978366632694e-05	-1.16687402933277	5.916083333	354.96499998	0.0131680864565506	5.916083333	2	1	1865	PC(16:1(9Z)/20:2(11Z,14Z))	C44H82NO8P	M+Na	783.577805117	2	2	1.5157166			http://www.hmdb.ca/metabolites/HMDB0008012	LMGP01011490	http://www.lipidmaps.org/data/LMSDRecord.php?LMID=LMGP01011490	59460	https://metlin.scripps.edu/metabo_info.php?molid=59460	52922461	https://pubchem.ncbi.nlm.nih.gov/compound/52922461	PC(16:1(9Z)/20:2(11Z,14Z))	CCCCCC\C=C/CCCCCCCC(=O)OC[C@]([H])(COP([O-])(=O)OCC[N+](C)(C)C)OC(=O)CCCCCCCCC\C=C/C\C=C/CCCCC	IIGHFIDXVYEMME-ZAEMQJNLSA-N	C44H82NO8P	784.0975	783.577805117	NA	Level_3
HMDB0008022	806.5656	peak458	0.0820036124885462	3.74978366632694e-05	-1.16687402933277	5.916083333	354.96499998	0.0131680864565506	5.916083333	2	1.1428572	2515	PC(16:1(9Z)/22:5(4Z,7Z,10Z,13Z,16Z))	C46H80NO8P	M+H	805.562155053	5	2	1.622915			http://www.hmdb.ca/metabolites/HMDB0008022	LMGP01012140	http://www.lipidmaps.org/data/LMSDRecord.php?LMID=LMGP01012140	59470	https://metlin.scripps.edu/metabo_info.php?molid=59470	53478685	https://pubchem.ncbi.nlm.nih.gov/compound/53478685	PC(16:1(9Z)/22:5(4Z,7Z,10Z,13Z,16Z))	CCCCCC\C=C/CCCCCCCC(=O)OC[C@]([H])(COP([O-])(=O)OCC[N+](C)(C)C)OC(=O)CC\C=C/C\C=C/C\C=C/C\C=C/C\C=C/CCCCC	WCODZEYPAWOVBI-UMQSOSPQSA-N	C46H80NO8P	806.1031	805.562155053	NA	Level_3
HMDB0008024	806.5656	peak458	0.0820036124885462	3.74978366632694e-05	-1.16687402933277	5.916083333	354.96499998	0.0131680864565506	5.916083333	2	1.1428572	2516	PC(16:1(9Z)/22:5(7Z,10Z,13Z,16Z,19Z))	C46H80NO8P	M+H	805.562155053	5	2	1.622915			http://www.hmdb.ca/metabolites/HMDB0008024	LMGP01012141	http://www.lipidmaps.org/data/LMSDRecord.php?LMID=LMGP01012141	59472	https://metlin.scripps.edu/metabo_info.php?molid=59472	53478687	https://pubchem.ncbi.nlm.nih.gov/compound/53478687	PC(16:1(9Z)/22:5(7Z,10Z,13Z,16Z,19Z))	CCCCCC\C=C/CCCCCCCC(=O)OC[C@]([H])(COP([O-])(=O)OCC[N+](C)(C)C)OC(=O)CCCCC\C=C/C\C=C/C\C=C/C\C=C/C\C=C/CC	WNHOGFDQJFYPDE-GBGUCBAQSA-N	C46H80NO8P	806.1031	805.562155053	NA	Level_3
HMDB0008040	806.5656	peak458	0.0820036124885462	3.74978366632694e-05	-1.16687402933277	5.916083333	354.96499998	0.0131680864565506	5.916083333	2	1	1963	PC(18:0/18:3(6Z,9Z,12Z))	C44H82NO8P	M+Na	783.577805117	2	2	1.5157166			http://www.hmdb.ca/metabolites/HMDB0008040	LMGP01011588	http://www.lipidmaps.org/data/LMSDRecord.php?LMID=LMGP01011588	59488	https://metlin.scripps.edu/metabo_info.php?molid=59488	52922655	https://pubchem.ncbi.nlm.nih.gov/compound/52922655	PC(18:0/18:3(6Z,9Z,12Z))	CCCCCCCCCCCCCCCCCC(=O)OC[C@]([H])(COP([O-])(=O)OCC[N+](C)(C)C)OC(=O)CCCC\C=C/C\C=C/C\C=C/CCCCC	KJVJKBRMUDGTKA-NZXQIXPOSA-N	C44H82NO8P	784.0975	783.577805117	NA	Level_3
HMDB0008041	806.5656	peak458	0.0820036124885462	3.74978366632694e-05	-1.16687402933277	5.916083333	354.96499998	0.0131680864565506	5.916083333	2	1	1964	PC(18:0/18:3(9Z,12Z,15Z))	C44H82NO8P	M+Na	783.577805117	2	2	1.5157166			http://www.hmdb.ca/metabolites/HMDB0008041	LMGP01011589	http://www.lipidmaps.org/data/LMSDRecord.php?LMID=LMGP01011589	59489	https://metlin.scripps.edu/metabo_info.php?molid=59489	52922657	https://pubchem.ncbi.nlm.nih.gov/compound/52922657	PC(18:0/18:3(9Z,12Z,15Z))	CCCCCCCCCCCCCCCCCC(=O)OC[C@]([H])(COP([O-])(=O)OCC[N+](C)(C)C)OC(=O)CCCCCCC\C=C/C\C=C/C\C=C/CC	WZCLAXMADUBPSG-RIXBAXMTSA-N	C44H82NO8P	784.0975	783.577805117	NA	Level_3
HMDB0008055	858.59	peak498	0.820543451309966	9.73020787262273e-05	-0.620753796355711	6.5062	390.372	0.0131680864565506	6.5062	-2	1.0384616	1480	PC(18:0/22:5(4Z,7Z,10Z,13Z,16Z))	C48H86NO8P	M+Na	835.609105245	10	1	1.0254794			http://www.hmdb.ca/metabolites/HMDB0008055	LMGP01010816	http://www.lipidmaps.org/data/LMSDRecord.php?LMID=LMGP01010816	59502	https://metlin.scripps.edu/metabo_info.php?molid=59502	24778871	https://pubchem.ncbi.nlm.nih.gov/compound/24778871	PC(40:5)	CCCCCCCCCCCCCCCCCC(=O)OC[C@]([H])(COP([O-])(=O)OCC[N+](C)(C)C)OC(=O)CC\C=C/C\C=C/C\C=C/C\C=C/C\C=C/CCCCC	GLPAGCOJQYNMCC-NEEAVLKMSA-N	C48H86NO8P	836.1721	835.609105245	NA	Level_3
HMDB0008056	858.59	peak498	0.820543451309966	9.73020787262273e-05	-0.620753796355711	6.5062	390.372	0.0131680864565506	6.5062	-2	1.0384616	1481	PC(18:0/22:5(7Z,10Z,13Z,16Z,19Z))	C48H86NO8P	M+Na	835.609105245	10	1	1.0254794			http://www.hmdb.ca/metabolites/HMDB0008056	LMGP01010818	http://www.lipidmaps.org/data/LMSDRecord.php?LMID=LMGP01010818	59503	https://metlin.scripps.edu/metabo_info.php?molid=59503	24778873	https://pubchem.ncbi.nlm.nih.gov/compound/24778873	PC(18:0/22:5(7Z,10Z,13Z,16Z,19Z))	CCCCCCCCCCCCCCCCCC(=O)OC[C@]([H])(COP([O-])(=O)OCC[N+](C)(C)C)OC(=O)CCCCC\C=C/C\C=C/C\C=C/C\C=C/C\C=C/CC	MAAMGQXOTCBPFS-JPGWWKBXSA-N	C48H86NO8P	836.1721	835.609105245	NA	Level_3
HMDB0008072	806.5656	peak458	0.0820036124885462	3.74978366632694e-05	-1.16687402933277	5.916083333	354.96499998	0.0131680864565506	5.916083333	2	1	2523	PC(18:1(11Z)/18:2(9Z,12Z))	C44H82NO8P	M+Na	783.577805117	2	2	1.5157166			http://www.hmdb.ca/metabolites/HMDB0008072	LMGP01012149	http://www.lipidmaps.org/data/LMSDRecord.php?LMID=LMGP01012149	59519	https://metlin.scripps.edu/metabo_info.php?molid=59519	53478723	https://pubchem.ncbi.nlm.nih.gov/compound/53478723	PC(18:1(11Z)/18:2(9Z,12Z))	CCCCCC\C=C/CCCCCCCCCC(=O)OC[C@]([H])(COP([O-])(=O)OCC[N+](C)(C)C)OC(=O)CCCCCCC\C=C/C\C=C/CCCCC	YBNAKFLXDDROCX-YGRWKTHCSA-N	C44H82NO8P	784.0975	783.577805117	NA	Level_3
HMDB0008083	806.5656	peak458	0.0820036124885462	3.74978366632694e-05	-1.16687402933277	5.916083333	354.96499998	0.0131680864565506	5.916083333	2	1.1428572	1495	PC(18:1(11Z)/20:5(5Z,8Z,11Z,14Z,17Z))	C46H80NO8P	M+H	805.562155053	5	2	1.622915			http://www.hmdb.ca/metabolites/HMDB0008083	LMGP01010844	http://www.lipidmaps.org/data/LMSDRecord.php?LMID=LMGP01010844	59530	https://metlin.scripps.edu/metabo_info.php?molid=59530	24778898	https://pubchem.ncbi.nlm.nih.gov/compound/24778898	PC(18:1(11Z)/20:5(5Z,8Z,11Z,14Z,17Z))	CCCCCC\C=C/CCCCCCCCCC(=O)OC[C@]([H])(COP([O-])(=O)OCC[N+](C)(C)C)OC(=O)CCC\C=C/C\C=C/C\C=C/C\C=C/C\C=C/CC	BLXFIBZJVTVAKI-BLPZMAMRSA-N	C46H80NO8P	806.1031	805.562155053	NA	Level_3
HMDB0008087	858.59	peak498	0.820543451309966	9.73020787262273e-05	-0.620753796355711	6.5062	390.372	0.0131680864565506	6.5062	-2	1.0384616	2534	PC(18:1(11Z)/22:4(7Z,10Z,13Z,16Z))	C48H86NO8P	M+Na	835.609105245	10	1	1.0254794			http://www.hmdb.ca/metabolites/HMDB0008087	LMGP01012160	http://www.lipidmaps.org/data/LMSDRecord.php?LMID=LMGP01012160	59534	https://metlin.scripps.edu/metabo_info.php?molid=59534	53478749	https://pubchem.ncbi.nlm.nih.gov/compound/53478749	PC(18:1(11Z)/22:4(7Z,10Z,13Z,16Z))	CCCCCC\C=C/CCCCCCCCCC(=O)OC[C@]([H])(COP([O-])(=O)OCC[N+](C)(C)C)OC(=O)CCCCC\C=C/C\C=C/C\C=C/C\C=C/CCCCC	BQFFJWIBGUKWIZ-DJYGVMKWSA-N	C48H86NO8P	836.1721	835.609105245	NA	Level_3
HMDB0008105	806.5656	peak458	0.0820036124885462	3.74978366632694e-05	-1.16687402933277	5.916083333	354.96499998	0.0131680864565506	5.916083333	2	1	1521	PC(18:1(9Z)/18:2(9Z,12Z))	C44H82NO8P	M+Na	783.577805117	2	2	1.5157166			http://www.hmdb.ca/metabolites/HMDB0008105	LMGP01010895	http://www.lipidmaps.org/data/LMSDRecord.php?LMID=LMGP01010895	59551	https://metlin.scripps.edu/metabo_info.php?molid=59551	24778939	https://pubchem.ncbi.nlm.nih.gov/compound/24778939	PC(18:1(9Z)/18:2(9Z,12Z))	CCCCCCCC\C=C/CCCCCCCC(=O)OC[C@]([H])(COP([O-])(=O)OCC[N+](C)(C)C)OC(=O)CCCCCCC\C=C/C\C=C/CCCCC	GDWULUGDXGHJIJ-VJHNMZKJSA-N	C44H82NO8P	784.0975	783.577805117	NA	Level_3
HMDB0008116	806.5656	peak458	0.0820036124885462	3.74978366632694e-05	-1.16687402933277	5.916083333	354.96499998	0.0131680864565506	5.916083333	2	1.1428572	1527	PC(18:1(9Z)/20:5(5Z,8Z,11Z,14Z,17Z))	C46H80NO8P	M+H	805.562155053	5	2	1.622915			http://www.hmdb.ca/metabolites/HMDB0008116	LMGP01010907	http://www.lipidmaps.org/data/LMSDRecord.php?LMID=LMGP01010907	59562	https://metlin.scripps.edu/metabo_info.php?molid=59562	24778949	https://pubchem.ncbi.nlm.nih.gov/compound/24778949	PC(18:1(9Z)/20:5(5Z,8Z,11Z,14Z,17Z))	CCCCCCCC\C=C/CCCCCCCC(=O)OC[C@]([H])(COP([O-])(=O)OCC[N+](C)(C)C)OC(=O)CCC\C=C/C\C=C/C\C=C/C\C=C/C\C=C/CC	PAQLDAUPMINLDS-UTNJSSBTSA-N	C46H80NO8P	806.1031	805.562155053	NA	Level_3
HMDB0008120	858.59	peak498	0.820543451309966	9.73020787262273e-05	-0.620753796355711	6.5062	390.372	0.0131680864565506	6.5062	-2	1.0384616	1988	PC(18:1(9Z)/22:4(7Z,10Z,13Z,16Z))	C48H86NO8P	M+Na	835.609105245	10	1	1.0254794			http://www.hmdb.ca/metabolites/HMDB0008120	LMGP01011613	http://www.lipidmaps.org/data/LMSDRecord.php?LMID=LMGP01011613	59566	https://metlin.scripps.edu/metabo_info.php?molid=59566	52922705	https://pubchem.ncbi.nlm.nih.gov/compound/52922705	PC(18:1(9Z)/22:4(7Z,10Z,13Z,16Z))	CCCCCCCC\C=C/CCCCCCCC(=O)OC[C@]([H])(COP([O-])(=O)OCC[N+](C)(C)C)OC(=O)CCCCC\C=C/C\C=C/C\C=C/C\C=C/CCCCC	RNPXVUWNKQBTRY-UXAWILDOSA-N	C48H86NO8P	836.1721	835.609105245	NA	Level_3
HMDB0008136	806.5656	peak458	0.0820036124885462	3.74978366632694e-05	-1.16687402933277	5.916083333	354.96499998	0.0131680864565506	5.916083333	2	1	2541	PC(18:2(9Z,12Z)/18:1(11Z))	C44H82NO8P	M+Na	783.577805117	2	2	1.5157166			http://www.hmdb.ca/metabolites/HMDB0008136	LMGP01012168	http://www.lipidmaps.org/data/LMSDRecord.php?LMID=LMGP01012168	59582	https://metlin.scripps.edu/metabo_info.php?molid=59582	53478785	https://pubchem.ncbi.nlm.nih.gov/compound/53478785	PC(18:2(9Z,12Z)/18:1(11Z))	CCCCCC\C=C/CCCCCCCCCC(=O)O[C@]([H])(COC(=O)CCCCCCC\C=C/C\C=C/CCCCC)COP([O-])(=O)OCC[N+](C)(C)C	YPAZQMWFRMHBBM-CLKMJQEKSA-N	C44H82NO8P	784.0975	783.577805117	NA	Level_3
HMDB0008137	806.5656	peak458	0.0820036124885462	3.74978366632694e-05	-1.16687402933277	5.916083333	354.96499998	0.0131680864565506	5.916083333	2	1	1999	PC(18:2(9Z,12Z)/18:1(9Z))	C44H82NO8P	M+Na	783.577805117	2	2	1.5157166			http://www.hmdb.ca/metabolites/HMDB0008137	LMGP01011624	http://www.lipidmaps.org/data/LMSDRecord.php?LMID=LMGP01011624	59583	https://metlin.scripps.edu/metabo_info.php?molid=59583	52922727	https://pubchem.ncbi.nlm.nih.gov/compound/52922727	PC(18:2(9Z,12Z)/18:1(9Z))	CCCCCCCC\C=C/CCCCCCCC(=O)O[C@]([H])(COC(=O)CCCCCCC\C=C/C\C=C/CCCCC)COP([O-])(=O)OCC[N+](C)(C)C	RTAZWRZKFSTMOY-NMSVECGZSA-N	C44H82NO8P	784.0975	783.577805117	NA	Level_3
HMDB0008147	806.5656	peak458	0.0820036124885462	3.74978366632694e-05	-1.16687402933277	5.916083333	354.96499998	0.0131680864565506	5.916083333	2	1.1428572	1543	PC(18:2(9Z,12Z)/20:4(5Z,8Z,11Z,14Z))	C46H80NO8P	M+H	805.562155053	5	2	1.622915			http://www.hmdb.ca/metabolites/HMDB0008147	LMGP01010943	http://www.lipidmaps.org/data/LMSDRecord.php?LMID=LMGP01010943	59593	https://metlin.scripps.edu/metabo_info.php?molid=59593	24778979	https://pubchem.ncbi.nlm.nih.gov/compound/24778979	PC(18:2(9Z,12Z)/20:4(5Z,8Z,11Z,14Z))	CCCCC\C=C/C\C=C/CCCCCCCC(=O)OC[C@]([H])(COP([O-])(=O)OCC[N+](C)(C)C)OC(=O)CCC\C=C/C\C=C/C\C=C/C\C=C/CCCCC	ZZSZQATYGVHNLZ-PUMLCSCDSA-N	C46H80NO8P	806.1031	805.562155053	NA	Level_3
HMDB0008148	806.5656	peak458	0.0820036124885462	3.74978366632694e-05	-1.16687402933277	5.916083333	354.96499998	0.0131680864565506	5.916083333	2	1.1428572	2543	PC(18:2(9Z,12Z)/20:4(8Z,11Z,14Z,17Z))	C46H80NO8P	M+H	805.562155053	5	2	1.622915			http://www.hmdb.ca/metabolites/HMDB0008148	LMGP01012171	http://www.lipidmaps.org/data/LMSDRecord.php?LMID=LMGP01012171	59594	https://metlin.scripps.edu/metabo_info.php?molid=59594	53478789	https://pubchem.ncbi.nlm.nih.gov/compound/53478789	PC(18:2(9Z,12Z)/20:4(8Z,11Z,14Z,17Z))	CCCCC\C=C/C\C=C/CCCCCCCC(=O)OC[C@]([H])(COP([O-])(=O)OCC[N+](C)(C)C)OC(=O)CCCCCC\C=C/C\C=C/C\C=C/C\C=C/CC	RUHBZJXWUDKAMZ-XXAGCNFXSA-N	C46H80NO8P	806.1031	805.562155053	NA	Level_3
HMDB0008168	806.5656	peak458	0.0820036124885462	3.74978366632694e-05	-1.16687402933277	5.916083333	354.96499998	0.0131680864565506	5.916083333	2	1	2026	PC(18:3(6Z,9Z,12Z)/18:0)	C44H82NO8P	M+Na	783.577805117	2	2	1.5157166			http://www.hmdb.ca/metabolites/HMDB0008168	LMGP01011651	http://www.lipidmaps.org/data/LMSDRecord.php?LMID=LMGP01011651	59614	https://metlin.scripps.edu/metabo_info.php?molid=59614	52922781	https://pubchem.ncbi.nlm.nih.gov/compound/52922781	PC(18:3(6Z,9Z,12Z)/18:0)	CCCCCCCCCCCCCCCCCC(=O)O[C@]([H])(COC(=O)CCCC\C=C/C\C=C/C\C=C/CCCCC)COP([O-])(=O)OCC[N+](C)(C)C	HOOCTPAZCNJQPX-OJKLBMRPSA-N	C44H82NO8P	784.0975	783.577805117	NA	Level_3
HMDB0008178	806.5656	peak458	0.0820036124885462	3.74978366632694e-05	-1.16687402933277	5.916083333	354.96499998	0.0131680864565506	5.916083333	2	1.1428572	2547	PC(18:3(6Z,9Z,12Z)/20:3(5Z,8Z,11Z))	C46H80NO8P	M+H	805.562155053	5	2	1.622915			http://www.hmdb.ca/metabolites/HMDB0008178	LMGP01012175	http://www.lipidmaps.org/data/LMSDRecord.php?LMID=LMGP01012175	59624	https://metlin.scripps.edu/metabo_info.php?molid=59624	53478809	https://pubchem.ncbi.nlm.nih.gov/compound/53478809	PC(18:3(6Z,9Z,12Z)/20:3(5Z,8Z,11Z))	CCCCCCCC\C=C/C\C=C/C\C=C/CCCC(=O)O[C@]([H])(COC(=O)CCCC\C=C/C\C=C/C\C=C/CCCCC)COP([O-])(=O)OCC[N+](C)(C)C	ZHAKGAMMEBQJPE-VLILCDILSA-N	C46H80NO8P	806.1031	805.562155053	NA	Level_3
HMDB0008179	806.5656	peak458	0.0820036124885462	3.74978366632694e-05	-1.16687402933277	5.916083333	354.96499998	0.0131680864565506	5.916083333	2	1.1428572	2037	PC(18:3(6Z,9Z,12Z)/20:3(8Z,11Z,14Z))	C46H80NO8P	M+H	805.562155053	5	2	1.622915			http://www.hmdb.ca/metabolites/HMDB0008179	LMGP01011662	http://www.lipidmaps.org/data/LMSDRecord.php?LMID=LMGP01011662	59625	https://metlin.scripps.edu/metabo_info.php?molid=59625	52922803	https://pubchem.ncbi.nlm.nih.gov/compound/52922803	PC(18:3(6Z,9Z,12Z)/20:3(8Z,11Z,14Z))	CCCCC\C=C/C\C=C/C\C=C/CCCCCCC(=O)O[C@]([H])(COC(=O)CCCC\C=C/C\C=C/C\C=C/CCCCC)COP([O-])(=O)OCC[N+](C)(C)C	AHOMSZWEDIDNLL-SVXFTSFPSA-N	C46H80NO8P	806.1031	805.562155053	NA	Level_3
HMDB0008185	858.59	peak498	0.820543451309966	9.73020787262273e-05	-0.620753796355711	6.5062	390.372	0.0131680864565506	6.5062	-2	1.0384616	2043	PC(18:3(6Z,9Z,12Z)/22:2(13Z,16Z))	C48H86NO8P	M+Na	835.609105245	10	1	1.0254794			http://www.hmdb.ca/metabolites/HMDB0008185	LMGP01011668	http://www.lipidmaps.org/data/LMSDRecord.php?LMID=LMGP01011668	59631	https://metlin.scripps.edu/metabo_info.php?molid=59631	52922815	https://pubchem.ncbi.nlm.nih.gov/compound/52922815	PC(18:3(6Z,9Z,12Z)/22:2(13Z,16Z))	CCCCC\C=C/C\C=C/CCCCCCCCCCCC(=O)O[C@]([H])(COC(=O)CCCC\C=C/C\C=C/C\C=C/CCCCC)COP([O-])(=O)OCC[N+](C)(C)C	FJONAKXDSCCFIL-OBASLGNKSA-N	C48H86NO8P	836.1721	835.609105245	NA	Level_3
HMDB0008201	806.5656	peak458	0.0820036124885462	3.74978366632694e-05	-1.16687402933277	5.916083333	354.96499998	0.0131680864565506	5.916083333	2	1	2057	PC(18:3(9Z,12Z,15Z)/18:0)	C44H82NO8P	M+Na	783.577805117	2	2	1.5157166			http://www.hmdb.ca/metabolites/HMDB0008201	LMGP01011682	http://www.lipidmaps.org/data/LMSDRecord.php?LMID=LMGP01011682	59647	https://metlin.scripps.edu/metabo_info.php?molid=59647	52922843	https://pubchem.ncbi.nlm.nih.gov/compound/52922843	PC(18:3(9Z,12Z,15Z)/18:0)	CCCCCCCCCCCCCCCCCC(=O)O[C@]([H])(COC(=O)CCCCCCC\C=C/C\C=C/C\C=C/CC)COP([O-])(=O)OCC[N+](C)(C)C	QAVRIJZWHPNXBW-BHLPDSGJSA-N	C44H82NO8P	784.0975	783.577805117	NA	Level_3
HMDB0008211	806.5656	peak458	0.0820036124885462	3.74978366632694e-05	-1.16687402933277	5.916083333	354.96499998	0.0131680864565506	5.916083333	2	1.1428572	2551	PC(18:3(9Z,12Z,15Z)/20:3(5Z,8Z,11Z))	C46H80NO8P	M+H	805.562155053	5	2	1.622915			http://www.hmdb.ca/metabolites/HMDB0008211	LMGP01012179	http://www.lipidmaps.org/data/LMSDRecord.php?LMID=LMGP01012179	59657	https://metlin.scripps.edu/metabo_info.php?molid=59657	53478833	https://pubchem.ncbi.nlm.nih.gov/compound/53478833	PC(18:3(9Z,12Z,15Z)/20:3(5Z,8Z,11Z))	CCCCCCCC\C=C/C\C=C/C\C=C/CCCC(=O)O[C@]([H])(COC(=O)CCCCCCC\C=C/C\C=C/C\C=C/CC)COP([O-])(=O)OCC[N+](C)(C)C	STOQKWQLRLMJRQ-MAGOUTJKSA-N	C46H80NO8P	806.1031	805.562155053	NA	Level_3
HMDB0008212	806.5656	peak458	0.0820036124885462	3.74978366632694e-05	-1.16687402933277	5.916083333	354.96499998	0.0131680864565506	5.916083333	2	1.1428572	2066	PC(18:3(9Z,12Z,15Z)/20:3(8Z,11Z,14Z))	C46H80NO8P	M+H	805.562155053	5	2	1.622915			http://www.hmdb.ca/metabolites/HMDB0008212	LMGP01011691	http://www.lipidmaps.org/data/LMSDRecord.php?LMID=LMGP01011691	59658	https://metlin.scripps.edu/metabo_info.php?molid=59658	52922861	https://pubchem.ncbi.nlm.nih.gov/compound/52922861	PC(18:3(9Z,12Z,15Z)/20:3(8Z,11Z,14Z))	CCCCC\C=C/C\C=C/C\C=C/CCCCCCC(=O)O[C@]([H])(COC(=O)CCCCCCC\C=C/C\C=C/C\C=C/CC)COP([O-])(=O)OCC[N+](C)(C)C	WZLXKZRHVGVNTE-NYMMKBANSA-N	C46H80NO8P	806.1031	805.562155053	NA	Level_3
HMDB0008218	858.59	peak498	0.820543451309966	9.73020787262273e-05	-0.620753796355711	6.5062	390.372	0.0131680864565506	6.5062	-2	1.0384616	2072	PC(18:3(9Z,12Z,15Z)/22:2(13Z,16Z))	C48H86NO8P	M+Na	835.609105245	10	1	1.0254794			http://www.hmdb.ca/metabolites/HMDB0008218	LMGP01011697	http://www.lipidmaps.org/data/LMSDRecord.php?LMID=LMGP01011697	59664	https://metlin.scripps.edu/metabo_info.php?molid=59664	52922873	https://pubchem.ncbi.nlm.nih.gov/compound/52922873	PC(18:3(9Z,12Z,15Z)/22:2(13Z,16Z))	CCCCC\C=C/C\C=C/CCCCCCCCCCCC(=O)O[C@]([H])(COC(=O)CCCCCCC\C=C/C\C=C/C\C=C/CC)COP([O-])(=O)OCC[N+](C)(C)C	YMTXWKKZUPUPPG-KCLVDFFQSA-N	C48H86NO8P	836.1721	835.609105245	NA	Level_3
HMDB0008243	806.5656	peak458	0.0820036124885462	3.74978366632694e-05	-1.16687402933277	5.916083333	354.96499998	0.0131680864565506	5.916083333	2	1.1428572	2096	PC(18:4(6Z,9Z,12Z,15Z)/20:2(11Z,14Z))	C46H80NO8P	M+H	805.562155053	5	2	1.622915			http://www.hmdb.ca/metabolites/HMDB0008243	LMGP01011721	http://www.lipidmaps.org/data/LMSDRecord.php?LMID=LMGP01011721	59689	https://metlin.scripps.edu/metabo_info.php?molid=59689	52922921	https://pubchem.ncbi.nlm.nih.gov/compound/52922921	PC(18:4(6Z,9Z,12Z,15Z)/20:2(11Z,14Z))	CCCCC\C=C/C\C=C/CCCCCCCCCC(=O)O[C@]([H])(COC(=O)CCCC\C=C/C\C=C/C\C=C/C\C=C/CC)COP([O-])(=O)OCC[N+](C)(C)C	RJBUKRKXNJFIDS-MXQFTRAWSA-N	C46H80NO8P	806.1031	805.562155053	NA	Level_3
HMDB0008250	858.59	peak498	0.820543451309966	9.73020787262273e-05	-0.620753796355711	6.5062	390.372	0.0131680864565506	6.5062	-2	1.0384616	2555	PC(18:4(6Z,9Z,12Z,15Z)/22:1(13Z))	C48H86NO8P	M+Na	835.609105245	10	1	1.0254794			http://www.hmdb.ca/metabolites/HMDB0008250	LMGP01012183	http://www.lipidmaps.org/data/LMSDRecord.php?LMID=LMGP01012183	59696	https://metlin.scripps.edu/metabo_info.php?molid=59696	53478861	https://pubchem.ncbi.nlm.nih.gov/compound/53478861	PC(18:4(6Z,9Z,12Z,15Z)/22:1(13Z))	CCCCCCCC\C=C/CCCCCCCCCCCC(=O)O[C@]([H])(COC(=O)CCCC\C=C/C\C=C/C\C=C/C\C=C/CC)COP([O-])(=O)OCC[N+](C)(C)C	DJYBHEQPGXRDCL-OAUHGFOMSA-N	C48H86NO8P	836.1721	835.609105245	NA	Level_3
HMDB0008281	858.59	peak498	0.820543451309966	9.73020787262273e-05	-0.620753796355711	6.5062	390.372	0.0131680864565506	6.5062	-2	1.0384616	2175	PC(20:0/20:5(5Z,8Z,11Z,14Z,17Z))	C48H86NO8P	M+Na	835.609105245	10	1	1.0254794			http://www.hmdb.ca/metabolites/HMDB0008281	LMGP01011800	http://www.lipidmaps.org/data/LMSDRecord.php?LMID=LMGP01011800	59727	https://metlin.scripps.edu/metabo_info.php?molid=59727	52923079	https://pubchem.ncbi.nlm.nih.gov/compound/52923079	PC(20:0/20:5(5Z,8Z,11Z,14Z,17Z))	CCCCCCCCCCCCCCCCCCCC(=O)OC[C@]([H])(COP([O-])(=O)OCC[N+](C)(C)C)OC(=O)CCC\C=C/C\C=C/C\C=C/C\C=C/C\C=C/CC	GQQALHZKRGXRTO-AEMURDCYSA-N	C48H86NO8P	836.1721	835.609105245	NA	Level_3
HMDB0008312	858.59	peak498	0.820543451309966	9.73020787262273e-05	-0.620753796355711	6.5062	390.372	0.0131680864565506	6.5062	-2	1.0384616	2202	PC(20:1(11Z)/20:4(5Z,8Z,11Z,14Z))	C48H86NO8P	M+Na	835.609105245	10	1	1.0254794			http://www.hmdb.ca/metabolites/HMDB0008312	LMGP01011827	http://www.lipidmaps.org/data/LMSDRecord.php?LMID=LMGP01011827	59758	https://metlin.scripps.edu/metabo_info.php?molid=59758	52923133	https://pubchem.ncbi.nlm.nih.gov/compound/52923133	PC(20:1(11Z)/20:4(5Z,8Z,11Z,14Z))	CCCCCCCC\C=C/CCCCCCCCCC(=O)OC[C@]([H])(COP([O-])(=O)OCC[N+](C)(C)C)OC(=O)CCC\C=C/C\C=C/C\C=C/C\C=C/CCCCC	LJFKFKIYUJNFPZ-ZLFSCUDPSA-N	C48H86NO8P	836.1721	835.609105245	NA	Level_3
HMDB0008313	858.59	peak498	0.820543451309966	9.73020787262273e-05	-0.620753796355711	6.5062	390.372	0.0131680864565506	6.5062	-2	1.0384616	2560	PC(20:1(11Z)/20:4(8Z,11Z,14Z,17Z))	C48H86NO8P	M+Na	835.609105245	10	1	1.0254794			http://www.hmdb.ca/metabolites/HMDB0008313	LMGP01012188	http://www.lipidmaps.org/data/LMSDRecord.php?LMID=LMGP01012188	59759	https://metlin.scripps.edu/metabo_info.php?molid=59759	53478899	https://pubchem.ncbi.nlm.nih.gov/compound/53478899	PC(20:1(11Z)/20:4(8Z,11Z,14Z,17Z))	CCCCCCCC\C=C/CCCCCCCCCC(=O)OC[C@]([H])(COP([O-])(=O)OCC[N+](C)(C)C)OC(=O)CCCCCC\C=C/C\C=C/C\C=C/C\C=C/CC	SFSJJONFWFZOGW-UBCJTPMWSA-N	C48H86NO8P	836.1721	835.609105245	NA	Level_3
HMDB0008332	806.5656	peak458	0.0820036124885462	3.74978366632694e-05	-1.16687402933277	5.916083333	354.96499998	0.0131680864565506	5.916083333	2	1	2217	PC(20:2(11Z,14Z)/16:1(9Z))	C44H82NO8P	M+Na	783.577805117	2	2	1.5157166			http://www.hmdb.ca/metabolites/HMDB0008332	LMGP01011842	http://www.lipidmaps.org/data/LMSDRecord.php?LMID=LMGP01011842	59778	https://metlin.scripps.edu/metabo_info.php?molid=59778	52923163	https://pubchem.ncbi.nlm.nih.gov/compound/52923163	PC(20:2(11Z,14Z)/16:1(9Z))	CCCCCC\C=C/CCCCCCCC(=O)O[C@]([H])(COC(=O)CCCCCCCCC\C=C/C\C=C/CCCCC)COP([O-])(=O)OCC[N+](C)(C)C	VPDVXUMWNZFISL-ZAEMQJNLSA-N	C44H82NO8P	784.0975	783.577805117	NA	Level_3
HMDB0008339	806.5656	peak458	0.0820036124885462	3.74978366632694e-05	-1.16687402933277	5.916083333	354.96499998	0.0131680864565506	5.916083333	2	1.1428572	2226	PC(20:2(11Z,14Z)/18:4(6Z,9Z,12Z,15Z))	C46H80NO8P	M+H	805.562155053	5	2	1.622915			http://www.hmdb.ca/metabolites/HMDB0008339	LMGP01011851	http://www.lipidmaps.org/data/LMSDRecord.php?LMID=LMGP01011851	59785	https://metlin.scripps.edu/metabo_info.php?molid=59785	52923181	https://pubchem.ncbi.nlm.nih.gov/compound/52923181	PC(20:2(11Z,14Z)/18:4(6Z,9Z,12Z,15Z))	CCCCC\C=C/C\C=C/CCCCCCCCCC(=O)OC[C@]([H])(COP([O-])(=O)OCC[N+](C)(C)C)OC(=O)CCCC\C=C/C\C=C/C\C=C/C\C=C/CC	DMULDNPMYQMFAE-YCAHXJLUSA-N	C46H80NO8P	806.1031	805.562155053	NA	Level_3
HMDB0008343	858.59	peak498	0.820543451309966	9.73020787262273e-05	-0.620753796355711	6.5062	390.372	0.0131680864565506	6.5062	-2	1.0384616	2563	PC(20:2(11Z,14Z)/20:3(5Z,8Z,11Z))	C48H86NO8P	M+Na	835.609105245	10	1	1.0254794			http://www.hmdb.ca/metabolites/HMDB0008343	LMGP01012191	http://www.lipidmaps.org/data/LMSDRecord.php?LMID=LMGP01012191	59789	https://metlin.scripps.edu/metabo_info.php?molid=59789	53478921	https://pubchem.ncbi.nlm.nih.gov/compound/53478921	PC(20:2(11Z,14Z)/20:3(5Z,8Z,11Z))	CCCCCCCC\C=C/C\C=C/C\C=C/CCCC(=O)O[C@]([H])(COC(=O)CCCCCCCCC\C=C/C\C=C/CCCCC)COP([O-])(=O)OCC[N+](C)(C)C	XTVSTQRZIOBKQE-ARGNTUNSSA-N	C48H86NO8P	836.1721	835.609105245	NA	Level_3
HMDB0008344	858.59	peak498	0.820543451309966	9.73020787262273e-05	-0.620753796355711	6.5062	390.372	0.0131680864565506	6.5062	-2	1.0384616	2232	PC(20:2(11Z,14Z)/20:3(8Z,11Z,14Z))	C48H86NO8P	M+Na	835.609105245	10	1	1.0254794			http://www.hmdb.ca/metabolites/HMDB0008344	LMGP01011857	http://www.lipidmaps.org/data/LMSDRecord.php?LMID=LMGP01011857	59790	https://metlin.scripps.edu/metabo_info.php?molid=59790	52923193	https://pubchem.ncbi.nlm.nih.gov/compound/52923193	PC(20:2(11Z,14Z)/20:3(8Z,11Z,14Z))	CCCCC\C=C/C\C=C/CCCCCCCCCC(=O)OC[C@]([H])(COP([O-])(=O)OCC[N+](C)(C)C)OC(=O)CCCCCC\C=C/C\C=C/C\C=C/CCCCC	GANPUNUVKLEDAZ-UOEGASQNSA-N	C48H86NO8P	836.1721	835.609105245	NA	Level_3
HMDB0008364	806.5656	peak458	0.0820036124885462	3.74978366632694e-05	-1.16687402933277	5.916083333	354.96499998	0.0131680864565506	5.916083333	2	1	2566	PC(20:3(5Z,8Z,11Z)/16:0)	C44H82NO8P	M+Na	783.577805117	2	2	1.5157166			http://www.hmdb.ca/metabolites/HMDB0008364	LMGP01012194	http://www.lipidmaps.org/data/LMSDRecord.php?LMID=LMGP01012194	59810	https://metlin.scripps.edu/metabo_info.php?molid=59810	53478949	https://pubchem.ncbi.nlm.nih.gov/compound/53478949	PC(20:3(5Z,8Z,11Z)/16:0)	CCCCCCCCCCCCCCCC(=O)O[C@]([H])(COC(=O)CCC\C=C/C\C=C/C\C=C/CCCCCCCC)COP([O-])(=O)OCC[N+](C)(C)C	LLSOYDYFSWVKOU-ZOVMTBBQSA-N	C44H82NO8P	784.0975	783.577805117	NA	Level_3
HMDB0008370	806.5656	peak458	0.0820036124885462	3.74978366632694e-05	-1.16687402933277	5.916083333	354.96499998	0.0131680864565506	5.916083333	2	1.1428572	2572	PC(20:3(5Z,8Z,11Z)/18:3(6Z,9Z,12Z))	C46H80NO8P	M+H	805.562155053	5	2	1.622915			http://www.hmdb.ca/metabolites/HMDB0008370	LMGP01012200	http://www.lipidmaps.org/data/LMSDRecord.php?LMID=LMGP01012200	59816	https://metlin.scripps.edu/metabo_info.php?molid=59816	53478961	https://pubchem.ncbi.nlm.nih.gov/compound/53478961	PC(20:3(5Z,8Z,11Z)/18:3(6Z,9Z,12Z))	CCCCCCCC\C=C/C\C=C/C\C=C/CCCC(=O)OC[C@]([H])(COP([O-])(=O)OCC[N+](C)(C)C)OC(=O)CCCC\C=C/C\C=C/C\C=C/CCCCC	JEFBNJKATIUJOC-JZSVRCITSA-N	C46H80NO8P	806.1031	805.562155053	NA	Level_3
HMDB0008371	806.5656	peak458	0.0820036124885462	3.74978366632694e-05	-1.16687402933277	5.916083333	354.96499998	0.0131680864565506	5.916083333	2	1.1428572	2573	PC(20:3(5Z,8Z,11Z)/18:3(9Z,12Z,15Z))	C46H80NO8P	M+H	805.562155053	5	2	1.622915			http://www.hmdb.ca/metabolites/HMDB0008371	LMGP01012201	http://www.lipidmaps.org/data/LMSDRecord.php?LMID=LMGP01012201	59817	https://metlin.scripps.edu/metabo_info.php?molid=59817	53478963	https://pubchem.ncbi.nlm.nih.gov/compound/53478963	PC(20:3(5Z,8Z,11Z)/18:3(9Z,12Z,15Z))	CCCCCCCC\C=C/C\C=C/C\C=C/CCCC(=O)OC[C@]([H])(COP([O-])(=O)OCC[N+](C)(C)C)OC(=O)CCCCCCC\C=C/C\C=C/C\C=C/CC	SHGIXNQCFPEBAW-XVVPJXMMSA-N	C46H80NO8P	806.1031	805.562155053	NA	Level_3
HMDB0008375	858.59	peak498	0.820543451309966	9.73020787262273e-05	-0.620753796355711	6.5062	390.372	0.0131680864565506	6.5062	-2	1.0384616	2576	PC(20:3(5Z,8Z,11Z)/20:2(11Z,14Z))	C48H86NO8P	M+Na	835.609105245	10	1	1.0254794			http://www.hmdb.ca/metabolites/HMDB0008375	LMGP01012204	http://www.lipidmaps.org/data/LMSDRecord.php?LMID=LMGP01012204	59821	https://metlin.scripps.edu/metabo_info.php?molid=59821	53478971	https://pubchem.ncbi.nlm.nih.gov/compound/53478971	PC(20:3(5Z,8Z,11Z)/20:2(11Z,14Z))	CCCCCCCC\C=C/C\C=C/C\C=C/CCCC(=O)OC[C@]([H])(COP([O-])(=O)OCC[N+](C)(C)C)OC(=O)CCCCCCCCC\C=C/C\C=C/CCCCC	AJNZABHWCGUHSJ-MSCOLSPSSA-N	C48H86NO8P	836.1721	835.609105245	NA	Level_3
HMDB0008397	806.5656	peak458	0.0820036124885462	3.74978366632694e-05	-1.16687402933277	5.916083333	354.96499998	0.0131680864565506	5.916083333	2	1	2247	PC(20:3(8Z,11Z,14Z)/16:0)	C44H82NO8P	M+Na	783.577805117	2	2	1.5157166			http://www.hmdb.ca/metabolites/HMDB0008397	LMGP01011872	http://www.lipidmaps.org/data/LMSDRecord.php?LMID=LMGP01011872	59843	https://metlin.scripps.edu/metabo_info.php?molid=59843	52923221	https://pubchem.ncbi.nlm.nih.gov/compound/52923221	PC(20:3(8Z,11Z,14Z)/16:0)	CCCCCCCCCCCCCCCC(=O)O[C@]([H])(COC(=O)CCCCCC\C=C/C\C=C/C\C=C/CCCCC)COP([O-])(=O)OCC[N+](C)(C)C	YKSVDDIMSQYNID-YYQUKWHJSA-N	C44H82NO8P	784.0975	783.577805117	NA	Level_3
HMDB0008403	806.5656	peak458	0.0820036124885462	3.74978366632694e-05	-1.16687402933277	5.916083333	354.96499998	0.0131680864565506	5.916083333	2	1.1428572	2255	PC(20:3(8Z,11Z,14Z)/18:3(6Z,9Z,12Z))	C46H80NO8P	M+H	805.562155053	5	2	1.622915			http://www.hmdb.ca/metabolites/HMDB0008403	LMGP01011880	http://www.lipidmaps.org/data/LMSDRecord.php?LMID=LMGP01011880	59849	https://metlin.scripps.edu/metabo_info.php?molid=59849	52923237	https://pubchem.ncbi.nlm.nih.gov/compound/52923237	PC(20:3(8Z,11Z,14Z)/18:3(6Z,9Z,12Z))	CCCCC\C=C/C\C=C/C\C=C/CCCCCCC(=O)OC[C@]([H])(COP([O-])(=O)OCC[N+](C)(C)C)OC(=O)CCCC\C=C/C\C=C/C\C=C/CCCCC	RIDIYDAFPMEWTP-AFNUAFPGSA-N	C46H80NO8P	806.1031	805.562155053	NA	Level_3
HMDB0008404	806.5656	peak458	0.0820036124885462	3.74978366632694e-05	-1.16687402933277	5.916083333	354.96499998	0.0131680864565506	5.916083333	2	1.1428572	2256	PC(20:3(8Z,11Z,14Z)/18:3(9Z,12Z,15Z))	C46H80NO8P	M+H	805.562155053	5	2	1.622915			http://www.hmdb.ca/metabolites/HMDB0008404	LMGP01011881	http://www.lipidmaps.org/data/LMSDRecord.php?LMID=LMGP01011881	59850	https://metlin.scripps.edu/metabo_info.php?molid=59850	52923239	https://pubchem.ncbi.nlm.nih.gov/compound/52923239	PC(20:3(8Z,11Z,14Z)/18:3(9Z,12Z,15Z))	CCCCC\C=C/C\C=C/C\C=C/CCCCCCC(=O)OC[C@]([H])(COP([O-])(=O)OCC[N+](C)(C)C)OC(=O)CCCCCCC\C=C/C\C=C/C\C=C/CC	ONHNZXQSGXKTJD-FKOQMNRQSA-N	C46H80NO8P	806.1031	805.562155053	NA	Level_3
HMDB0008407	858.59	peak498	0.820543451309966	9.73020787262273e-05	-0.620753796355711	6.5062	390.372	0.0131680864565506	6.5062	-2	1.0384616	2262	PC(20:3(8Z,11Z,14Z)/20:2(11Z,14Z))	C48H86NO8P	M+Na	835.609105245	10	1	1.0254794			http://www.hmdb.ca/metabolites/HMDB0008407	LMGP01011887	http://www.lipidmaps.org/data/LMSDRecord.php?LMID=LMGP01011887	59853	https://metlin.scripps.edu/metabo_info.php?molid=59853	52923251	https://pubchem.ncbi.nlm.nih.gov/compound/52923251	PC(20:3(8Z,11Z,14Z)/20:2(11Z,14Z))	CCCCC\C=C/C\C=C/CCCCCCCCCC(=O)O[C@]([H])(COC(=O)CCCCCC\C=C/C\C=C/C\C=C/CCCCC)COP([O-])(=O)OCC[N+](C)(C)C	ORJYHUZZUPRLIN-UJBKIRDYSA-N	C48H86NO8P	836.1721	835.609105245	NA	Level_3
HMDB0008434	806.5656	peak458	0.0820036124885462	3.74978366632694e-05	-1.16687402933277	5.916083333	354.96499998	0.0131680864565506	5.916083333	2	1.1428572	2284	PC(20:4(5Z,8Z,11Z,14Z)/18:2(9Z,12Z))	C46H80NO8P	M+H	805.562155053	5	2	1.622915			http://www.hmdb.ca/metabolites/HMDB0008434	LMGP01011909	http://www.lipidmaps.org/data/LMSDRecord.php?LMID=LMGP01011909	59880	https://metlin.scripps.edu/metabo_info.php?molid=59880	52923295	https://pubchem.ncbi.nlm.nih.gov/compound/52923295	PC(20:4(5Z,8Z,11Z,14Z)/18:2(9Z,12Z))	CCCCC\C=C/C\C=C/CCCCCCCC(=O)O[C@]([H])(COC(=O)CCC\C=C/C\C=C/C\C=C/C\C=C/CCCCC)COP([O-])(=O)OCC[N+](C)(C)C	PLZBTDKJYHXIEW-DZUXOTHRSA-N	C46H80NO8P	806.1031	805.562155053	NA	Level_3
HMDB0008439	858.59	peak498	0.820543451309966	9.73020787262273e-05	-0.620753796355711	6.5062	390.372	0.0131680864565506	6.5062	-2	1.0384616	2291	PC(20:4(5Z,8Z,11Z,14Z)/20:1(11Z))	C48H86NO8P	M+Na	835.609105245	10	1	1.0254794			http://www.hmdb.ca/metabolites/HMDB0008439	LMGP01011916	http://www.lipidmaps.org/data/LMSDRecord.php?LMID=LMGP01011916	59885	https://metlin.scripps.edu/metabo_info.php?molid=59885	52923309	https://pubchem.ncbi.nlm.nih.gov/compound/52923309	PC(20:4(5Z,8Z,11Z,14Z)/20:1(11Z))	CCCCCCCC\C=C/CCCCCCCCCC(=O)O[C@]([H])(COC(=O)CCC\C=C/C\C=C/C\C=C/C\C=C/CCCCC)COP([O-])(=O)OCC[N+](C)(C)C	FFPFWVHSVNGQKW-RZYMAAGLSA-N	C48H86NO8P	836.1721	835.609105245	NA	Level_3
HMDB0008467	806.5656	peak458	0.0820036124885462	3.74978366632694e-05	-1.16687402933277	5.916083333	354.96499998	0.0131680864565506	5.916083333	2	1.1428572	2584	PC(20:4(8Z,11Z,14Z,17Z)/18:2(9Z,12Z))	C46H80NO8P	M+H	805.562155053	5	2	1.622915			http://www.hmdb.ca/metabolites/HMDB0008467	LMGP01012212	http://www.lipidmaps.org/data/LMSDRecord.php?LMID=LMGP01012212	59913	https://metlin.scripps.edu/metabo_info.php?molid=59913	53479073	https://pubchem.ncbi.nlm.nih.gov/compound/53479073	PC(20:4(8Z,11Z,14Z,17Z)/18:2(9Z,12Z))	CCCCC\C=C/C\C=C/CCCCCCCC(=O)O[C@]([H])(COC(=O)CCCCCC\C=C/C\C=C/C\C=C/C\C=C/CC)COP([O-])(=O)OCC[N+](C)(C)C	CEJUIQBITPKHHY-OWEZASBCSA-N	C46H80NO8P	806.1031	805.562155053	NA	Level_3
HMDB0008472	858.59	peak498	0.820543451309966	9.73020787262273e-05	-0.620753796355711	6.5062	390.372	0.0131680864565506	6.5062	-2	1.0384616	2586	PC(20:4(8Z,11Z,14Z,17Z)/20:1(11Z))	C48H86NO8P	M+Na	835.609105245	10	1	1.0254794			http://www.hmdb.ca/metabolites/HMDB0008472	LMGP01012214	http://www.lipidmaps.org/data/LMSDRecord.php?LMID=LMGP01012214	59918	https://metlin.scripps.edu/metabo_info.php?molid=59918	53479083	https://pubchem.ncbi.nlm.nih.gov/compound/53479083	PC(20:4(8Z,11Z,14Z,17Z)/20:1(11Z))	CCCCCCCC\C=C/CCCCCCCCCC(=O)O[C@]([H])(COC(=O)CCCCCC\C=C/C\C=C/C\C=C/C\C=C/CC)COP([O-])(=O)OCC[N+](C)(C)C	IJTJDJOOHZVSAC-NDRUHXFFSA-N	C48H86NO8P	836.1721	835.609105245	NA	Level_3
HMDB0008498	806.5656	peak458	0.0820036124885462	3.74978366632694e-05	-1.16687402933277	5.916083333	354.96499998	0.0131680864565506	5.916083333	2	1.1428572	2588	PC(20:5(5Z,8Z,11Z,14Z,17Z)/18:1(11Z))	C46H80NO8P	M+H	805.562155053	5	2	1.622915			http://www.hmdb.ca/metabolites/HMDB0008498	LMGP01012216	http://www.lipidmaps.org/data/LMSDRecord.php?LMID=LMGP01012216	59944	https://metlin.scripps.edu/metabo_info.php?molid=59944	53479125	https://pubchem.ncbi.nlm.nih.gov/compound/53479125	PC(20:5(5Z,8Z,11Z,14Z,17Z)/18:1(11Z))	CCCCCC\C=C/CCCCCCCCCC(=O)O[C@]([H])(COC(=O)CCC\C=C/C\C=C/C\C=C/C\C=C/C\C=C/CC)COP([O-])(=O)OCC[N+](C)(C)C	KAAXHFGQTWYDKM-PDYZRCSUSA-N	C46H80NO8P	806.1031	805.562155053	NA	Level_3
HMDB0008499	806.5656	peak458	0.0820036124885462	3.74978366632694e-05	-1.16687402933277	5.916083333	354.96499998	0.0131680864565506	5.916083333	2	1.1428572	1608	PC(20:5(5Z,8Z,11Z,14Z,17Z)/18:1(9Z))	C46H80NO8P	M+H	805.562155053	5	2	1.622915			http://www.hmdb.ca/metabolites/HMDB0008499	LMGP01011057	http://www.lipidmaps.org/data/LMSDRecord.php?LMID=LMGP01011057	59945	https://metlin.scripps.edu/metabo_info.php?molid=59945	24779080	https://pubchem.ncbi.nlm.nih.gov/compound/24779080	PC(20:5(5Z,8Z,11Z,14Z,17Z)/18:1(9Z))	CCCCCCCC\C=C/CCCCCCCC(=O)O[C@]([H])(COC(=O)CCC\C=C/C\C=C/C\C=C/C\C=C/C\C=C/CC)COP([O-])(=O)OCC[N+](C)(C)C	JZKMYCPNBSRARO-YMBRLFDISA-N	C46H80NO8P	806.1031	805.562155053	NA	Level_3
HMDB0008504	858.59	peak498	0.820543451309966	9.73020787262273e-05	-0.620753796355711	6.5062	390.372	0.0131680864565506	6.5062	-2	1.0384616	2319	PC(20:5(5Z,8Z,11Z,14Z,17Z)/20:0)	C48H86NO8P	M+Na	835.609105245	10	1	1.0254794			http://www.hmdb.ca/metabolites/HMDB0008504	LMGP01011944	http://www.lipidmaps.org/data/LMSDRecord.php?LMID=LMGP01011944	59950	https://metlin.scripps.edu/metabo_info.php?molid=59950	52923365	https://pubchem.ncbi.nlm.nih.gov/compound/52923365	PC(20:5(5Z,8Z,11Z,14Z,17Z)/20:0)	CCCCCCCCCCCCCCCCCCCC(=O)O[C@]([H])(COC(=O)CCC\C=C/C\C=C/C\C=C/C\C=C/C\C=C/CC)COP([O-])(=O)OCC[N+](C)(C)C	SFESOYFQZQJCOY-FXYWPAEZSA-N	C48H86NO8P	836.1721	835.609105245	NA	Level_3
HMDB0008568	858.59	peak498	0.820543451309966	9.73020787262273e-05	-0.620753796355711	6.5062	390.372	0.0131680864565506	6.5062	-2	1.0384616	2597	PC(22:1(13Z)/18:4(6Z,9Z,12Z,15Z))	C48H86NO8P	M+Na	835.609105245	10	1	1.0254794			http://www.hmdb.ca/metabolites/HMDB0008568	LMGP01012225	http://www.lipidmaps.org/data/LMSDRecord.php?LMID=LMGP01012225	60014	https://metlin.scripps.edu/metabo_info.php?molid=60014	53479185	https://pubchem.ncbi.nlm.nih.gov/compound/53479185	PC(22:1(13Z)/18:4(6Z,9Z,12Z,15Z))	CCCCCCCC\C=C/CCCCCCCCCCCC(=O)OC[C@]([H])(COP([O-])(=O)OCC[N+](C)(C)C)OC(=O)CCCC\C=C/C\C=C/C\C=C/C\C=C/CC	UCKDHIBTSOLZAW-OMGITNNSSA-N	C48H86NO8P	836.1721	835.609105245	NA	Level_3
HMDB0008591	806.5656	peak458	0.0820036124885462	3.74978366632694e-05	-1.16687402933277	5.916083333	354.96499998	0.0131680864565506	5.916083333	2	1	2413	PC(22:2(13Z,16Z)/14:1(9Z))	C44H82NO8P	M+Na	783.577805117	2	2	1.5157166			http://www.hmdb.ca/metabolites/HMDB0008591	LMGP01012038	http://www.lipidmaps.org/data/LMSDRecord.php?LMID=LMGP01012038	60037	https://metlin.scripps.edu/metabo_info.php?molid=60037	52923553	https://pubchem.ncbi.nlm.nih.gov/compound/52923553	PC(22:2(13Z,16Z)/14:1(9Z))	CCCCC\C=C/C\C=C/CCCCCCCCCCCC(=O)OC[C@]([H])(COP([O-])(=O)OCC[N+](C)(C)C)OC(=O)CCCCCCC\C=C/CCCC	AHJIOIOFNHUXKJ-GXAHKNHCSA-N	C44H82NO8P	784.0975	783.577805117	NA	Level_3
HMDB0008599	858.59	peak498	0.820543451309966	9.73020787262273e-05	-0.620753796355711	6.5062	390.372	0.0131680864565506	6.5062	-2	1.0384616	2424	PC(22:2(13Z,16Z)/18:3(6Z,9Z,12Z))	C48H86NO8P	M+Na	835.609105245	10	1	1.0254794			http://www.hmdb.ca/metabolites/HMDB0008599	LMGP01012049	http://www.lipidmaps.org/data/LMSDRecord.php?LMID=LMGP01012049	60045	https://metlin.scripps.edu/metabo_info.php?molid=60045	52923575	https://pubchem.ncbi.nlm.nih.gov/compound/52923575	PC(22:2(13Z,16Z)/18:3(6Z,9Z,12Z))	CCCCC\C=C/C\C=C/CCCCCCCCCCCC(=O)OC[C@]([H])(COP([O-])(=O)OCC[N+](C)(C)C)OC(=O)CCCC\C=C/C\C=C/C\C=C/CCCCC	GBWKGOXLSQQBGD-SRIFCXCDSA-N	C48H86NO8P	836.1721	835.609105245	NA	Level_3
HMDB0008600	858.59	peak498	0.820543451309966	9.73020787262273e-05	-0.620753796355711	6.5062	390.372	0.0131680864565506	6.5062	-2	1.0384616	2425	PC(22:2(13Z,16Z)/18:3(9Z,12Z,15Z))	C48H86NO8P	M+Na	835.609105245	10	1	1.0254794			http://www.hmdb.ca/metabolites/HMDB0008600	LMGP01012050	http://www.lipidmaps.org/data/LMSDRecord.php?LMID=LMGP01012050	60046	https://metlin.scripps.edu/metabo_info.php?molid=60046	52923577	https://pubchem.ncbi.nlm.nih.gov/compound/52923577	PC(22:2(13Z,16Z)/18:3(9Z,12Z,15Z))	CCCCC\C=C/C\C=C/CCCCCCCCCCCC(=O)OC[C@]([H])(COP([O-])(=O)OCC[N+](C)(C)C)OC(=O)CCCCCCC\C=C/C\C=C/C\C=C/CC	MNLODOXUTCKZPS-KCLVDFFQSA-N	C48H86NO8P	836.1721	835.609105245	NA	Level_3
HMDB0008629	858.59	peak498	0.820543451309966	9.73020787262273e-05	-0.620753796355711	6.5062	390.372	0.0131680864565506	6.5062	-2	1.0384616	2603	PC(22:4(7Z,10Z,13Z,16Z)/18:1(11Z))	C48H86NO8P	M+Na	835.609105245	10	1	1.0254794			http://www.hmdb.ca/metabolites/HMDB0008629	LMGP01012231	http://www.lipidmaps.org/data/LMSDRecord.php?LMID=LMGP01012231	60075	https://metlin.scripps.edu/metabo_info.php?molid=60075	53479251	https://pubchem.ncbi.nlm.nih.gov/compound/53479251	PC(22:4(7Z,10Z,13Z,16Z)/18:1(11Z))	CCCCCC\C=C/CCCCCCCCCC(=O)O[C@]([H])(COC(=O)CCCCC\C=C/C\C=C/C\C=C/C\C=C/CCCCC)COP([O-])(=O)OCC[N+](C)(C)C	JJGXBUHPKPRTOF-DPOPDSRASA-N	C48H86NO8P	836.1721	835.609105245	NA	Level_3
HMDB0008630	858.59	peak498	0.820543451309966	9.73020787262273e-05	-0.620753796355711	6.5062	390.372	0.0131680864565506	6.5062	-2	1.0384616	2453	PC(22:4(7Z,10Z,13Z,16Z)/18:1(9Z))	C48H86NO8P	M+Na	835.609105245	10	1	1.0254794			http://www.hmdb.ca/metabolites/HMDB0008630	LMGP01012078	http://www.lipidmaps.org/data/LMSDRecord.php?LMID=LMGP01012078	60076	https://metlin.scripps.edu/metabo_info.php?molid=60076	52923633	https://pubchem.ncbi.nlm.nih.gov/compound/52923633	PC(22:4(7Z,10Z,13Z,16Z)/18:1(9Z))	CCCCCCCC\C=C/CCCCCCCC(=O)O[C@]([H])(COC(=O)CCCCC\C=C/C\C=C/C\C=C/C\C=C/CCCCC)COP([O-])(=O)OCC[N+](C)(C)C	HWRNDLGQJATPMI-IJJPCNHRSA-N	C48H86NO8P	836.1721	835.609105245	NA	Level_3
HMDB0008660	806.5656	peak458	0.0820036124885462	3.74978366632694e-05	-1.16687402933277	5.916083333	354.96499998	0.0131680864565506	5.916083333	2	1.1428572	89531	PC(22:5(4Z,7Z,10Z,13Z,16Z)/16:1(9Z))	C46H80NO8P	M+H	805.562155053	5	-2	1.5358114			http://www.hmdb.ca/metabolites/HMDB0008660			60106	https://metlin.scripps.edu/metabo_info.php?molid=60106	53479283	https://pubchem.ncbi.nlm.nih.gov/compound/53479283	PC(22:5(4Z,7Z,10Z,13Z,16Z)/16:1(9Z))	CCCCCC\C=C/CCCCCCCC(=O)O[C@]([H])(COC(=O)CC\C=C/C\C=C/C\C=C/C\C=C/C\C=C/CCCCC)COP([O-])(=O)OCC[N+](C)(C)C	ZQVQZWAPLCJLRX-SCEKUSSYSA-N	C46H80NO8P	806.1031	805.562155053	NA	Level_3
HMDB0008661	858.59	peak498	0.820543451309966	9.73020787262273e-05	-0.620753796355711	6.5062	390.372	0.0131680864565506	6.5062	-2	1.0384616	90093	PC(22:5(4Z,7Z,10Z,13Z,16Z)/18:0)	C48H86NO8P	M+Na	835.609105245	10	-2	1.0384616			http://www.hmdb.ca/metabolites/HMDB0008661			60107	https://metlin.scripps.edu/metabo_info.php?molid=60107	53479285	https://pubchem.ncbi.nlm.nih.gov/compound/53479285	PC(22:5(4Z,7Z,10Z,13Z,16Z)/18:0)	CCCCCCCCCCCCCCCCCC(=O)O[C@]([H])(COC(=O)CC\C=C/C\C=C/C\C=C/C\C=C/C\C=C/CCCCC)COP([O-])(=O)OCC[N+](C)(C)C	QZWDHIKEFKIAGO-PPQSZTDQSA-N	C48H86NO8P	836.1721	835.609105245	NA	Level_3
HMDB0008693	806.5656	peak458	0.0820036124885462	3.74978366632694e-05	-1.16687402933277	5.916083333	354.96499998	0.0131680864565506	5.916083333	2	1.1428572	139902	PC(22:5(7Z,10Z,13Z,16Z,19Z)/16:1(9Z))	C46H80NO8P	M+H	805.562155053	5	-2	1.5358114			http://www.hmdb.ca/metabolites/HMDB0008693			60139	https://metlin.scripps.edu/metabo_info.php?molid=60139	53479349	https://pubchem.ncbi.nlm.nih.gov/compound/53479349	PC(22:5(7Z,10Z,13Z,16Z,19Z)/16:1(9Z))	CCCCCC\C=C/CCCCCCCC(=O)O[C@]([H])(COC(=O)CCCCC\C=C/C\C=C/C\C=C/C\C=C/C\C=C/CC)COP([O-])(=O)OCC[N+](C)(C)C	XVZHRLZRCCOROP-CIWMBDKCSA-N	C46H80NO8P	806.1031	805.562155053	NA	Level_3
HMDB0008694	858.59	peak498	0.820543451309966	9.73020787262273e-05	-0.620753796355711	6.5062	390.372	0.0131680864565506	6.5062	-2	1.0384616	86816	PC(22:5(7Z,10Z,13Z,16Z,19Z)/18:0)	C48H86NO8P	M+Na	835.609105245	10	-2	1.0384616			http://www.hmdb.ca/metabolites/HMDB0008694			60140	https://metlin.scripps.edu/metabo_info.php?molid=60140	53479351	https://pubchem.ncbi.nlm.nih.gov/compound/53479351	PC(22:5(7Z,10Z,13Z,16Z,19Z)/18:0)	CCCCCCCCCCCCCCCCCC(=O)O[C@]([H])(COC(=O)CCCCC\C=C/C\C=C/C\C=C/C\C=C/C\C=C/CC)COP([O-])(=O)OCC[N+](C)(C)C	WRNCJRNSVGTWQJ-KEIGBYLJSA-N	C48H86NO8P	836.1721	835.609105245	NA	Level_3
HMDB0008725	806.5656	peak458	0.0820036124885462	3.74978366632694e-05	-1.16687402933277	5.916083333	354.96499998	0.0131680864565506	5.916083333	2	1.1428572	1638	PC(22:6(4Z,7Z,10Z,13Z,16Z,19Z)/16:0)	C46H80NO8P	M+H	805.562155053	5	2	1.622915			http://www.hmdb.ca/metabolites/HMDB0008725	LMGP01011116	http://www.lipidmaps.org/data/LMSDRecord.php?LMID=LMGP01011116	60171	https://metlin.scripps.edu/metabo_info.php?molid=60171	24779131	https://pubchem.ncbi.nlm.nih.gov/compound/24779131	PC(22:6(4Z,7Z,10Z,13Z,16Z,19Z)/16:0)	CCCCCCCCCCCCCCCC(=O)O[C@]([H])(COC(=O)CC\C=C/C\C=C/C\C=C/C\C=C/C\C=C/C\C=C/CC)COP([O-])(=O)OCC[N+](C)(C)C	YALZVLCVXOASDL-FZGNBNATSA-N	C46H80NO8P	806.1031	805.562155053	NA	Level_3
HMDB0034240	122.0957	peak17	0.763499387022756	0.000130377093629214	-0.714149880224206	2.12525	127.515	0.0131680864565506	2.12525	-2	-2	64734	Styrene	C8H8	M+NH4	104.062600256	7	-2	-2	C07083	http://www.genome.jp/dbget-bin/www_bget?cpd:C07083	http://www.hmdb.ca/metabolites/HMDB0034240			66571	https://metlin.scripps.edu/metabo_info.php?molid=66571	7501	https://pubchem.ncbi.nlm.nih.gov/compound/7501	Styrene	C=CC1=CC=CC=C1	PPBRXRYQALVLMV-UHFFFAOYSA-N	C8H8	104.1491	104.062600256	NA	Level_3
HMDB0060677	122.0957	peak17	0.763499387022756	0.000130377093629214	-0.714149880224206	2.12525	127.515	0.0131680864565506	2.12525	-2	-2	115825	2,6-Dimethylaniline	C8H11N	M+H	121.089149357	6	-2	-2	C11004	http://www.genome.jp/dbget-bin/www_bget?cpd:C11004	http://www.hmdb.ca/metabolites/HMDB0060677			999	https://metlin.scripps.edu/metabo_info.php?molid=999	6896	https://pubchem.ncbi.nlm.nih.gov/compound/6896	2,6-Dimethylaniline	CC1=CC=CC(C)=C1N	UFFBMTHBGFGIHF-UHFFFAOYSA-N	C8H11N	121.1796	121.089149357	NA	Level_3
HMDB0004866	806.5651	peak457	0.0182458416588256	0.000384016306751534	-1.19988188637341	6.383825	383.0295	0.0277040335585035	6.383825	2	-2	76887	Lactosylceramide (d18:1/12:0)	C42H79NO13	M+H	805.555141619	3	-2	2			http://www.hmdb.ca/metabolites/HMDB0004866			7123	https://metlin.scripps.edu/metabo_info.php?molid=7123	20057304	https://pubchem.ncbi.nlm.nih.gov/compound/20057304	LacCer(d18:1/12:0)	[H][C@@](CO[C@@H]1O[C@H](CO)[C@@H](O[C@]2([H])O[C@H](CO)[C@H](O)[C@H](O)[C@H]2O)[C@H](O)[C@H]1O)(NC(=O)CCCCCCCCCCC)[C@H](O)\C=C\CCCCCCCCCCCCC	KNWHKVBHCLQVFX-CZUYTOTJSA-N	C42H79NO13	806.088	805.555141608	NA	Level_3
HMDB0007921	806.5651	peak457	0.0182458416588256	0.000384016306751534	-1.19988188637341	6.383825	383.0295	0.0277040335585035	6.383825	2	0.9677419	1781	PC(14:1(9Z)/22:2(13Z,16Z))	C44H82NO8P	M+Na	783.577805117	2	2	1.4959663			http://www.hmdb.ca/metabolites/HMDB0007921	LMGP01011406	http://www.lipidmaps.org/data/LMSDRecord.php?LMID=LMGP01011406	59371	https://metlin.scripps.edu/metabo_info.php?molid=59371	52922294	https://pubchem.ncbi.nlm.nih.gov/compound/52922294	PC(36:3)	CCCCC\C=C/C\C=C/CCCCCCCCCCCC(=O)O[C@]([H])(COC(=O)CCCCCCC\C=C/CCCC)COP([O-])(=O)OCC[N+](C)(C)C	LMYYUVAVNWPEPG-GXAHKNHCSA-N	C44H82NO8P	784.0975	783.577805117	NA	Level_3
HMDB0007980	806.5651	peak457	0.0182458416588256	0.000384016306751534	-1.19988188637341	6.383825	383.0295	0.0277040335585035	6.383825	2	0.9677419	1384	PC(16:0/20:3(5Z,8Z,11Z))	C44H82NO8P	M+Na	783.577805117	2	2	1.4959663			http://www.hmdb.ca/metabolites/HMDB0007980	LMGP01010622	http://www.lipidmaps.org/data/LMSDRecord.php?LMID=LMGP01010622	59429	https://metlin.scripps.edu/metabo_info.php?molid=59429	24778715	https://pubchem.ncbi.nlm.nih.gov/compound/24778715	PC(16:0/20:3(5Z,8Z,11Z))	CCCCCCCCCCCCCCCC(=O)OC[C@]([H])(COP([O-])(=O)OCC[N+](C)(C)C)OC(=O)CCC\C=C/C\C=C/C\C=C/CCCCCCCC	XMZFUVYOYPLVOA-VLHUWQDUSA-N	C44H82NO8P	784.0975	783.577805117	NA	Level_3
HMDB0007981	806.5651	peak457	0.0182458416588256	0.000384016306751534	-1.19988188637341	6.383825	383.0295	0.0277040335585035	6.383825	2	0.9677419	1386	PC(16:0/20:3(8Z,11Z,14Z))	C44H82NO8P	M+Na	783.577805117	2	2	1.4959663			http://www.hmdb.ca/metabolites/HMDB0007981	LMGP01010627	http://www.lipidmaps.org/data/LMSDRecord.php?LMID=LMGP01010627	59430	https://metlin.scripps.edu/metabo_info.php?molid=59430	24778719	https://pubchem.ncbi.nlm.nih.gov/compound/24778719	PC(16:0/20:3(8Z,11Z,14Z))	CCCCCCCCCCCCCCCC(=O)OC[C@]([H])(COP([O-])(=O)OCC[N+](C)(C)C)OC(=O)CCCCCC\C=C/C\C=C/C\C=C/CCCCC	SRIGHEHXEGELQJ-YYQUKWHJSA-N	C44H82NO8P	784.0975	783.577805117	NA	Level_3
HMDB0007991	806.5651	peak457	0.0182458416588256	0.000384016306751534	-1.19988188637341	6.383825	383.0295	0.0277040335585035	6.383825	2	0.9047619	2512	PC(16:0/22:6(4Z,7Z,10Z,13Z,16Z,19Z))	C46H80NO8P	M+H	805.562155053	5	2	1.4873674			http://www.hmdb.ca/metabolites/HMDB0007991	LMGP01012137	http://www.lipidmaps.org/data/LMSDRecord.php?LMID=LMGP01012137	59439	https://metlin.scripps.edu/metabo_info.php?molid=59439	6441886	https://pubchem.ncbi.nlm.nih.gov/compound/6441886	PC(38:6)	CCCCCCCCCCCCCCCC(=O)OC[C@]([H])(COP([O-])(=O)OCC[N+](C)(C)C)OC(=O)CC\C=C/C\C=C/C\C=C/C\C=C/C\C=C/C\C=C/CC	IESVDEZGAHUQJU-ZLBXKVHBSA-N	C46H80NO8P	806.1031	805.562155053	NA	Level_3
HMDB0008012	806.5651	peak457	0.0182458416588256	0.000384016306751534	-1.19988188637341	6.383825	383.0295	0.0277040335585035	6.383825	2	0.9677419	1865	PC(16:1(9Z)/20:2(11Z,14Z))	C44H82NO8P	M+Na	783.577805117	2	2	1.4959663			http://www.hmdb.ca/metabolites/HMDB0008012	LMGP01011490	http://www.lipidmaps.org/data/LMSDRecord.php?LMID=LMGP01011490	59460	https://metlin.scripps.edu/metabo_info.php?molid=59460	52922461	https://pubchem.ncbi.nlm.nih.gov/compound/52922461	PC(16:1(9Z)/20:2(11Z,14Z))	CCCCCC\C=C/CCCCCCCC(=O)OC[C@]([H])(COP([O-])(=O)OCC[N+](C)(C)C)OC(=O)CCCCCCCCC\C=C/C\C=C/CCCCC	IIGHFIDXVYEMME-ZAEMQJNLSA-N	C44H82NO8P	784.0975	783.577805117	NA	Level_3
HMDB0008022	806.5651	peak457	0.0182458416588256	0.000384016306751534	-1.19988188637341	6.383825	383.0295	0.0277040335585035	6.383825	2	0.9047619	2515	PC(16:1(9Z)/22:5(4Z,7Z,10Z,13Z,16Z))	C46H80NO8P	M+H	805.562155053	5	2	1.4873674			http://www.hmdb.ca/metabolites/HMDB0008022	LMGP01012140	http://www.lipidmaps.org/data/LMSDRecord.php?LMID=LMGP01012140	59470	https://metlin.scripps.edu/metabo_info.php?molid=59470	53478685	https://pubchem.ncbi.nlm.nih.gov/compound/53478685	PC(16:1(9Z)/22:5(4Z,7Z,10Z,13Z,16Z))	CCCCCC\C=C/CCCCCCCC(=O)OC[C@]([H])(COP([O-])(=O)OCC[N+](C)(C)C)OC(=O)CC\C=C/C\C=C/C\C=C/C\C=C/C\C=C/CCCCC	WCODZEYPAWOVBI-UMQSOSPQSA-N	C46H80NO8P	806.1031	805.562155053	NA	Level_3
HMDB0008024	806.5651	peak457	0.0182458416588256	0.000384016306751534	-1.19988188637341	6.383825	383.0295	0.0277040335585035	6.383825	2	0.9047619	2516	PC(16:1(9Z)/22:5(7Z,10Z,13Z,16Z,19Z))	C46H80NO8P	M+H	805.562155053	5	2	1.4873674			http://www.hmdb.ca/metabolites/HMDB0008024	LMGP01012141	http://www.lipidmaps.org/data/LMSDRecord.php?LMID=LMGP01012141	59472	https://metlin.scripps.edu/metabo_info.php?molid=59472	53478687	https://pubchem.ncbi.nlm.nih.gov/compound/53478687	PC(16:1(9Z)/22:5(7Z,10Z,13Z,16Z,19Z))	CCCCCC\C=C/CCCCCCCC(=O)OC[C@]([H])(COP([O-])(=O)OCC[N+](C)(C)C)OC(=O)CCCCC\C=C/C\C=C/C\C=C/C\C=C/C\C=C/CC	WNHOGFDQJFYPDE-GBGUCBAQSA-N	C46H80NO8P	806.1031	805.562155053	NA	Level_3
HMDB0008040	806.5651	peak457	0.0182458416588256	0.000384016306751534	-1.19988188637341	6.383825	383.0295	0.0277040335585035	6.383825	2	0.9677419	1963	PC(18:0/18:3(6Z,9Z,12Z))	C44H82NO8P	M+Na	783.577805117	2	2	1.4959663			http://www.hmdb.ca/metabolites/HMDB0008040	LMGP01011588	http://www.lipidmaps.org/data/LMSDRecord.php?LMID=LMGP01011588	59488	https://metlin.scripps.edu/metabo_info.php?molid=59488	52922655	https://pubchem.ncbi.nlm.nih.gov/compound/52922655	PC(18:0/18:3(6Z,9Z,12Z))	CCCCCCCCCCCCCCCCCC(=O)OC[C@]([H])(COP([O-])(=O)OCC[N+](C)(C)C)OC(=O)CCCC\C=C/C\C=C/C\C=C/CCCCC	KJVJKBRMUDGTKA-NZXQIXPOSA-N	C44H82NO8P	784.0975	783.577805117	NA	Level_3
HMDB0008041	806.5651	peak457	0.0182458416588256	0.000384016306751534	-1.19988188637341	6.383825	383.0295	0.0277040335585035	6.383825	2	0.9677419	1964	PC(18:0/18:3(9Z,12Z,15Z))	C44H82NO8P	M+Na	783.577805117	2	2	1.4959663			http://www.hmdb.ca/metabolites/HMDB0008041	LMGP01011589	http://www.lipidmaps.org/data/LMSDRecord.php?LMID=LMGP01011589	59489	https://metlin.scripps.edu/metabo_info.php?molid=59489	52922657	https://pubchem.ncbi.nlm.nih.gov/compound/52922657	PC(18:0/18:3(9Z,12Z,15Z))	CCCCCCCCCCCCCCCCCC(=O)OC[C@]([H])(COP([O-])(=O)OCC[N+](C)(C)C)OC(=O)CCCCCCC\C=C/C\C=C/C\C=C/CC	WZCLAXMADUBPSG-RIXBAXMTSA-N	C44H82NO8P	784.0975	783.577805117	NA	Level_3
HMDB0008072	806.5651	peak457	0.0182458416588256	0.000384016306751534	-1.19988188637341	6.383825	383.0295	0.0277040335585035	6.383825	2	0.9677419	2523	PC(18:1(11Z)/18:2(9Z,12Z))	C44H82NO8P	M+Na	783.577805117	2	2	1.4959663			http://www.hmdb.ca/metabolites/HMDB0008072	LMGP01012149	http://www.lipidmaps.org/data/LMSDRecord.php?LMID=LMGP01012149	59519	https://metlin.scripps.edu/metabo_info.php?molid=59519	53478723	https://pubchem.ncbi.nlm.nih.gov/compound/53478723	PC(18:1(11Z)/18:2(9Z,12Z))	CCCCCC\C=C/CCCCCCCCCC(=O)OC[C@]([H])(COP([O-])(=O)OCC[N+](C)(C)C)OC(=O)CCCCCCC\C=C/C\C=C/CCCCC	YBNAKFLXDDROCX-YGRWKTHCSA-N	C44H82NO8P	784.0975	783.577805117	NA	Level_3
HMDB0008083	806.5651	peak457	0.0182458416588256	0.000384016306751534	-1.19988188637341	6.383825	383.0295	0.0277040335585035	6.383825	2	0.9047619	1495	PC(18:1(11Z)/20:5(5Z,8Z,11Z,14Z,17Z))	C46H80NO8P	M+H	805.562155053	5	2	1.4873674			http://www.hmdb.ca/metabolites/HMDB0008083	LMGP01010844	http://www.lipidmaps.org/data/LMSDRecord.php?LMID=LMGP01010844	59530	https://metlin.scripps.edu/metabo_info.php?molid=59530	24778898	https://pubchem.ncbi.nlm.nih.gov/compound/24778898	PC(18:1(11Z)/20:5(5Z,8Z,11Z,14Z,17Z))	CCCCCC\C=C/CCCCCCCCCC(=O)OC[C@]([H])(COP([O-])(=O)OCC[N+](C)(C)C)OC(=O)CCC\C=C/C\C=C/C\C=C/C\C=C/C\C=C/CC	BLXFIBZJVTVAKI-BLPZMAMRSA-N	C46H80NO8P	806.1031	805.562155053	NA	Level_3
HMDB0008105	806.5651	peak457	0.0182458416588256	0.000384016306751534	-1.19988188637341	6.383825	383.0295	0.0277040335585035	6.383825	2	0.9677419	1521	PC(18:1(9Z)/18:2(9Z,12Z))	C44H82NO8P	M+Na	783.577805117	2	2	1.4959663			http://www.hmdb.ca/metabolites/HMDB0008105	LMGP01010895	http://www.lipidmaps.org/data/LMSDRecord.php?LMID=LMGP01010895	59551	https://metlin.scripps.edu/metabo_info.php?molid=59551	24778939	https://pubchem.ncbi.nlm.nih.gov/compound/24778939	PC(18:1(9Z)/18:2(9Z,12Z))	CCCCCCCC\C=C/CCCCCCCC(=O)OC[C@]([H])(COP([O-])(=O)OCC[N+](C)(C)C)OC(=O)CCCCCCC\C=C/C\C=C/CCCCC	GDWULUGDXGHJIJ-VJHNMZKJSA-N	C44H82NO8P	784.0975	783.577805117	NA	Level_3
HMDB0008116	806.5651	peak457	0.0182458416588256	0.000384016306751534	-1.19988188637341	6.383825	383.0295	0.0277040335585035	6.383825	2	0.9047619	1527	PC(18:1(9Z)/20:5(5Z,8Z,11Z,14Z,17Z))	C46H80NO8P	M+H	805.562155053	5	2	1.4873674			http://www.hmdb.ca/metabolites/HMDB0008116	LMGP01010907	http://www.lipidmaps.org/data/LMSDRecord.php?LMID=LMGP01010907	59562	https://metlin.scripps.edu/metabo_info.php?molid=59562	24778949	https://pubchem.ncbi.nlm.nih.gov/compound/24778949	PC(18:1(9Z)/20:5(5Z,8Z,11Z,14Z,17Z))	CCCCCCCC\C=C/CCCCCCCC(=O)OC[C@]([H])(COP([O-])(=O)OCC[N+](C)(C)C)OC(=O)CCC\C=C/C\C=C/C\C=C/C\C=C/C\C=C/CC	PAQLDAUPMINLDS-UTNJSSBTSA-N	C46H80NO8P	806.1031	805.562155053	NA	Level_3
HMDB0008136	806.5651	peak457	0.0182458416588256	0.000384016306751534	-1.19988188637341	6.383825	383.0295	0.0277040335585035	6.383825	2	0.9677419	2541	PC(18:2(9Z,12Z)/18:1(11Z))	C44H82NO8P	M+Na	783.577805117	2	2	1.4959663			http://www.hmdb.ca/metabolites/HMDB0008136	LMGP01012168	http://www.lipidmaps.org/data/LMSDRecord.php?LMID=LMGP01012168	59582	https://metlin.scripps.edu/metabo_info.php?molid=59582	53478785	https://pubchem.ncbi.nlm.nih.gov/compound/53478785	PC(18:2(9Z,12Z)/18:1(11Z))	CCCCCC\C=C/CCCCCCCCCC(=O)O[C@]([H])(COC(=O)CCCCCCC\C=C/C\C=C/CCCCC)COP([O-])(=O)OCC[N+](C)(C)C	YPAZQMWFRMHBBM-CLKMJQEKSA-N	C44H82NO8P	784.0975	783.577805117	NA	Level_3
HMDB0008137	806.5651	peak457	0.0182458416588256	0.000384016306751534	-1.19988188637341	6.383825	383.0295	0.0277040335585035	6.383825	2	0.9677419	1999	PC(18:2(9Z,12Z)/18:1(9Z))	C44H82NO8P	M+Na	783.577805117	2	2	1.4959663			http://www.hmdb.ca/metabolites/HMDB0008137	LMGP01011624	http://www.lipidmaps.org/data/LMSDRecord.php?LMID=LMGP01011624	59583	https://metlin.scripps.edu/metabo_info.php?molid=59583	52922727	https://pubchem.ncbi.nlm.nih.gov/compound/52922727	PC(18:2(9Z,12Z)/18:1(9Z))	CCCCCCCC\C=C/CCCCCCCC(=O)O[C@]([H])(COC(=O)CCCCCCC\C=C/C\C=C/CCCCC)COP([O-])(=O)OCC[N+](C)(C)C	RTAZWRZKFSTMOY-NMSVECGZSA-N	C44H82NO8P	784.0975	783.577805117	NA	Level_3
HMDB0008147	806.5651	peak457	0.0182458416588256	0.000384016306751534	-1.19988188637341	6.383825	383.0295	0.0277040335585035	6.383825	2	0.9047619	1543	PC(18:2(9Z,12Z)/20:4(5Z,8Z,11Z,14Z))	C46H80NO8P	M+H	805.562155053	5	2	1.4873674			http://www.hmdb.ca/metabolites/HMDB0008147	LMGP01010943	http://www.lipidmaps.org/data/LMSDRecord.php?LMID=LMGP01010943	59593	https://metlin.scripps.edu/metabo_info.php?molid=59593	24778979	https://pubchem.ncbi.nlm.nih.gov/compound/24778979	PC(18:2(9Z,12Z)/20:4(5Z,8Z,11Z,14Z))	CCCCC\C=C/C\C=C/CCCCCCCC(=O)OC[C@]([H])(COP([O-])(=O)OCC[N+](C)(C)C)OC(=O)CCC\C=C/C\C=C/C\C=C/C\C=C/CCCCC	ZZSZQATYGVHNLZ-PUMLCSCDSA-N	C46H80NO8P	806.1031	805.562155053	NA	Level_3
HMDB0008148	806.5651	peak457	0.0182458416588256	0.000384016306751534	-1.19988188637341	6.383825	383.0295	0.0277040335585035	6.383825	2	0.9047619	2543	PC(18:2(9Z,12Z)/20:4(8Z,11Z,14Z,17Z))	C46H80NO8P	M+H	805.562155053	5	2	1.4873674			http://www.hmdb.ca/metabolites/HMDB0008148	LMGP01012171	http://www.lipidmaps.org/data/LMSDRecord.php?LMID=LMGP01012171	59594	https://metlin.scripps.edu/metabo_info.php?molid=59594	53478789	https://pubchem.ncbi.nlm.nih.gov/compound/53478789	PC(18:2(9Z,12Z)/20:4(8Z,11Z,14Z,17Z))	CCCCC\C=C/C\C=C/CCCCCCCC(=O)OC[C@]([H])(COP([O-])(=O)OCC[N+](C)(C)C)OC(=O)CCCCCC\C=C/C\C=C/C\C=C/C\C=C/CC	RUHBZJXWUDKAMZ-XXAGCNFXSA-N	C46H80NO8P	806.1031	805.562155053	NA	Level_3
HMDB0008168	806.5651	peak457	0.0182458416588256	0.000384016306751534	-1.19988188637341	6.383825	383.0295	0.0277040335585035	6.383825	2	0.9677419	2026	PC(18:3(6Z,9Z,12Z)/18:0)	C44H82NO8P	M+Na	783.577805117	2	2	1.4959663			http://www.hmdb.ca/metabolites/HMDB0008168	LMGP01011651	http://www.lipidmaps.org/data/LMSDRecord.php?LMID=LMGP01011651	59614	https://metlin.scripps.edu/metabo_info.php?molid=59614	52922781	https://pubchem.ncbi.nlm.nih.gov/compound/52922781	PC(18:3(6Z,9Z,12Z)/18:0)	CCCCCCCCCCCCCCCCCC(=O)O[C@]([H])(COC(=O)CCCC\C=C/C\C=C/C\C=C/CCCCC)COP([O-])(=O)OCC[N+](C)(C)C	HOOCTPAZCNJQPX-OJKLBMRPSA-N	C44H82NO8P	784.0975	783.577805117	NA	Level_3
HMDB0008178	806.5651	peak457	0.0182458416588256	0.000384016306751534	-1.19988188637341	6.383825	383.0295	0.0277040335585035	6.383825	2	0.9047619	2547	PC(18:3(6Z,9Z,12Z)/20:3(5Z,8Z,11Z))	C46H80NO8P	M+H	805.562155053	5	2	1.4873674			http://www.hmdb.ca/metabolites/HMDB0008178	LMGP01012175	http://www.lipidmaps.org/data/LMSDRecord.php?LMID=LMGP01012175	59624	https://metlin.scripps.edu/metabo_info.php?molid=59624	53478809	https://pubchem.ncbi.nlm.nih.gov/compound/53478809	PC(18:3(6Z,9Z,12Z)/20:3(5Z,8Z,11Z))	CCCCCCCC\C=C/C\C=C/C\C=C/CCCC(=O)O[C@]([H])(COC(=O)CCCC\C=C/C\C=C/C\C=C/CCCCC)COP([O-])(=O)OCC[N+](C)(C)C	ZHAKGAMMEBQJPE-VLILCDILSA-N	C46H80NO8P	806.1031	805.562155053	NA	Level_3
HMDB0008179	806.5651	peak457	0.0182458416588256	0.000384016306751534	-1.19988188637341	6.383825	383.0295	0.0277040335585035	6.383825	2	0.9047619	2037	PC(18:3(6Z,9Z,12Z)/20:3(8Z,11Z,14Z))	C46H80NO8P	M+H	805.562155053	5	2	1.4873674			http://www.hmdb.ca/metabolites/HMDB0008179	LMGP01011662	http://www.lipidmaps.org/data/LMSDRecord.php?LMID=LMGP01011662	59625	https://metlin.scripps.edu/metabo_info.php?molid=59625	52922803	https://pubchem.ncbi.nlm.nih.gov/compound/52922803	PC(18:3(6Z,9Z,12Z)/20:3(8Z,11Z,14Z))	CCCCC\C=C/C\C=C/C\C=C/CCCCCCC(=O)O[C@]([H])(COC(=O)CCCC\C=C/C\C=C/C\C=C/CCCCC)COP([O-])(=O)OCC[N+](C)(C)C	AHOMSZWEDIDNLL-SVXFTSFPSA-N	C46H80NO8P	806.1031	805.562155053	NA	Level_3
HMDB0008201	806.5651	peak457	0.0182458416588256	0.000384016306751534	-1.19988188637341	6.383825	383.0295	0.0277040335585035	6.383825	2	0.9677419	2057	PC(18:3(9Z,12Z,15Z)/18:0)	C44H82NO8P	M+Na	783.577805117	2	2	1.4959663			http://www.hmdb.ca/metabolites/HMDB0008201	LMGP01011682	http://www.lipidmaps.org/data/LMSDRecord.php?LMID=LMGP01011682	59647	https://metlin.scripps.edu/metabo_info.php?molid=59647	52922843	https://pubchem.ncbi.nlm.nih.gov/compound/52922843	PC(18:3(9Z,12Z,15Z)/18:0)	CCCCCCCCCCCCCCCCCC(=O)O[C@]([H])(COC(=O)CCCCCCC\C=C/C\C=C/C\C=C/CC)COP([O-])(=O)OCC[N+](C)(C)C	QAVRIJZWHPNXBW-BHLPDSGJSA-N	C44H82NO8P	784.0975	783.577805117	NA	Level_3
HMDB0008211	806.5651	peak457	0.0182458416588256	0.000384016306751534	-1.19988188637341	6.383825	383.0295	0.0277040335585035	6.383825	2	0.9047619	2551	PC(18:3(9Z,12Z,15Z)/20:3(5Z,8Z,11Z))	C46H80NO8P	M+H	805.562155053	5	2	1.4873674			http://www.hmdb.ca/metabolites/HMDB0008211	LMGP01012179	http://www.lipidmaps.org/data/LMSDRecord.php?LMID=LMGP01012179	59657	https://metlin.scripps.edu/metabo_info.php?molid=59657	53478833	https://pubchem.ncbi.nlm.nih.gov/compound/53478833	PC(18:3(9Z,12Z,15Z)/20:3(5Z,8Z,11Z))	CCCCCCCC\C=C/C\C=C/C\C=C/CCCC(=O)O[C@]([H])(COC(=O)CCCCCCC\C=C/C\C=C/C\C=C/CC)COP([O-])(=O)OCC[N+](C)(C)C	STOQKWQLRLMJRQ-MAGOUTJKSA-N	C46H80NO8P	806.1031	805.562155053	NA	Level_3
HMDB0008212	806.5651	peak457	0.0182458416588256	0.000384016306751534	-1.19988188637341	6.383825	383.0295	0.0277040335585035	6.383825	2	0.9047619	2066	PC(18:3(9Z,12Z,15Z)/20:3(8Z,11Z,14Z))	C46H80NO8P	M+H	805.562155053	5	2	1.4873674			http://www.hmdb.ca/metabolites/HMDB0008212	LMGP01011691	http://www.lipidmaps.org/data/LMSDRecord.php?LMID=LMGP01011691	59658	https://metlin.scripps.edu/metabo_info.php?molid=59658	52922861	https://pubchem.ncbi.nlm.nih.gov/compound/52922861	PC(18:3(9Z,12Z,15Z)/20:3(8Z,11Z,14Z))	CCCCC\C=C/C\C=C/C\C=C/CCCCCCC(=O)O[C@]([H])(COC(=O)CCCCCCC\C=C/C\C=C/C\C=C/CC)COP([O-])(=O)OCC[N+](C)(C)C	WZLXKZRHVGVNTE-NYMMKBANSA-N	C46H80NO8P	806.1031	805.562155053	NA	Level_3
HMDB0008243	806.5651	peak457	0.0182458416588256	0.000384016306751534	-1.19988188637341	6.383825	383.0295	0.0277040335585035	6.383825	2	0.9047619	2096	PC(18:4(6Z,9Z,12Z,15Z)/20:2(11Z,14Z))	C46H80NO8P	M+H	805.562155053	5	2	1.4873674			http://www.hmdb.ca/metabolites/HMDB0008243	LMGP01011721	http://www.lipidmaps.org/data/LMSDRecord.php?LMID=LMGP01011721	59689	https://metlin.scripps.edu/metabo_info.php?molid=59689	52922921	https://pubchem.ncbi.nlm.nih.gov/compound/52922921	PC(18:4(6Z,9Z,12Z,15Z)/20:2(11Z,14Z))	CCCCC\C=C/C\C=C/CCCCCCCCCC(=O)O[C@]([H])(COC(=O)CCCC\C=C/C\C=C/C\C=C/C\C=C/CC)COP([O-])(=O)OCC[N+](C)(C)C	RJBUKRKXNJFIDS-MXQFTRAWSA-N	C46H80NO8P	806.1031	805.562155053	NA	Level_3
HMDB0008332	806.5651	peak457	0.0182458416588256	0.000384016306751534	-1.19988188637341	6.383825	383.0295	0.0277040335585035	6.383825	2	0.9677419	2217	PC(20:2(11Z,14Z)/16:1(9Z))	C44H82NO8P	M+Na	783.577805117	2	2	1.4959663			http://www.hmdb.ca/metabolites/HMDB0008332	LMGP01011842	http://www.lipidmaps.org/data/LMSDRecord.php?LMID=LMGP01011842	59778	https://metlin.scripps.edu/metabo_info.php?molid=59778	52923163	https://pubchem.ncbi.nlm.nih.gov/compound/52923163	PC(20:2(11Z,14Z)/16:1(9Z))	CCCCCC\C=C/CCCCCCCC(=O)O[C@]([H])(COC(=O)CCCCCCCCC\C=C/C\C=C/CCCCC)COP([O-])(=O)OCC[N+](C)(C)C	VPDVXUMWNZFISL-ZAEMQJNLSA-N	C44H82NO8P	784.0975	783.577805117	NA	Level_3
HMDB0008339	806.5651	peak457	0.0182458416588256	0.000384016306751534	-1.19988188637341	6.383825	383.0295	0.0277040335585035	6.383825	2	0.9047619	2226	PC(20:2(11Z,14Z)/18:4(6Z,9Z,12Z,15Z))	C46H80NO8P	M+H	805.562155053	5	2	1.4873674			http://www.hmdb.ca/metabolites/HMDB0008339	LMGP01011851	http://www.lipidmaps.org/data/LMSDRecord.php?LMID=LMGP01011851	59785	https://metlin.scripps.edu/metabo_info.php?molid=59785	52923181	https://pubchem.ncbi.nlm.nih.gov/compound/52923181	PC(20:2(11Z,14Z)/18:4(6Z,9Z,12Z,15Z))	CCCCC\C=C/C\C=C/CCCCCCCCCC(=O)OC[C@]([H])(COP([O-])(=O)OCC[N+](C)(C)C)OC(=O)CCCC\C=C/C\C=C/C\C=C/C\C=C/CC	DMULDNPMYQMFAE-YCAHXJLUSA-N	C46H80NO8P	806.1031	805.562155053	NA	Level_3
HMDB0008364	806.5651	peak457	0.0182458416588256	0.000384016306751534	-1.19988188637341	6.383825	383.0295	0.0277040335585035	6.383825	2	0.9677419	2566	PC(20:3(5Z,8Z,11Z)/16:0)	C44H82NO8P	M+Na	783.577805117	2	2	1.4959663			http://www.hmdb.ca/metabolites/HMDB0008364	LMGP01012194	http://www.lipidmaps.org/data/LMSDRecord.php?LMID=LMGP01012194	59810	https://metlin.scripps.edu/metabo_info.php?molid=59810	53478949	https://pubchem.ncbi.nlm.nih.gov/compound/53478949	PC(20:3(5Z,8Z,11Z)/16:0)	CCCCCCCCCCCCCCCC(=O)O[C@]([H])(COC(=O)CCC\C=C/C\C=C/C\C=C/CCCCCCCC)COP([O-])(=O)OCC[N+](C)(C)C	LLSOYDYFSWVKOU-ZOVMTBBQSA-N	C44H82NO8P	784.0975	783.577805117	NA	Level_3
HMDB0008370	806.5651	peak457	0.0182458416588256	0.000384016306751534	-1.19988188637341	6.383825	383.0295	0.0277040335585035	6.383825	2	0.9047619	2572	PC(20:3(5Z,8Z,11Z)/18:3(6Z,9Z,12Z))	C46H80NO8P	M+H	805.562155053	5	2	1.4873674			http://www.hmdb.ca/metabolites/HMDB0008370	LMGP01012200	http://www.lipidmaps.org/data/LMSDRecord.php?LMID=LMGP01012200	59816	https://metlin.scripps.edu/metabo_info.php?molid=59816	53478961	https://pubchem.ncbi.nlm.nih.gov/compound/53478961	PC(20:3(5Z,8Z,11Z)/18:3(6Z,9Z,12Z))	CCCCCCCC\C=C/C\C=C/C\C=C/CCCC(=O)OC[C@]([H])(COP([O-])(=O)OCC[N+](C)(C)C)OC(=O)CCCC\C=C/C\C=C/C\C=C/CCCCC	JEFBNJKATIUJOC-JZSVRCITSA-N	C46H80NO8P	806.1031	805.562155053	NA	Level_3
HMDB0008371	806.5651	peak457	0.0182458416588256	0.000384016306751534	-1.19988188637341	6.383825	383.0295	0.0277040335585035	6.383825	2	0.9047619	2573	PC(20:3(5Z,8Z,11Z)/18:3(9Z,12Z,15Z))	C46H80NO8P	M+H	805.562155053	5	2	1.4873674			http://www.hmdb.ca/metabolites/HMDB0008371	LMGP01012201	http://www.lipidmaps.org/data/LMSDRecord.php?LMID=LMGP01012201	59817	https://metlin.scripps.edu/metabo_info.php?molid=59817	53478963	https://pubchem.ncbi.nlm.nih.gov/compound/53478963	PC(20:3(5Z,8Z,11Z)/18:3(9Z,12Z,15Z))	CCCCCCCC\C=C/C\C=C/C\C=C/CCCC(=O)OC[C@]([H])(COP([O-])(=O)OCC[N+](C)(C)C)OC(=O)CCCCCCC\C=C/C\C=C/C\C=C/CC	SHGIXNQCFPEBAW-XVVPJXMMSA-N	C46H80NO8P	806.1031	805.562155053	NA	Level_3
HMDB0008397	806.5651	peak457	0.0182458416588256	0.000384016306751534	-1.19988188637341	6.383825	383.0295	0.0277040335585035	6.383825	2	0.9677419	2247	PC(20:3(8Z,11Z,14Z)/16:0)	C44H82NO8P	M+Na	783.577805117	2	2	1.4959663			http://www.hmdb.ca/metabolites/HMDB0008397	LMGP01011872	http://www.lipidmaps.org/data/LMSDRecord.php?LMID=LMGP01011872	59843	https://metlin.scripps.edu/metabo_info.php?molid=59843	52923221	https://pubchem.ncbi.nlm.nih.gov/compound/52923221	PC(20:3(8Z,11Z,14Z)/16:0)	CCCCCCCCCCCCCCCC(=O)O[C@]([H])(COC(=O)CCCCCC\C=C/C\C=C/C\C=C/CCCCC)COP([O-])(=O)OCC[N+](C)(C)C	YKSVDDIMSQYNID-YYQUKWHJSA-N	C44H82NO8P	784.0975	783.577805117	NA	Level_3
HMDB0008403	806.5651	peak457	0.0182458416588256	0.000384016306751534	-1.19988188637341	6.383825	383.0295	0.0277040335585035	6.383825	2	0.9047619	2255	PC(20:3(8Z,11Z,14Z)/18:3(6Z,9Z,12Z))	C46H80NO8P	M+H	805.562155053	5	2	1.4873674			http://www.hmdb.ca/metabolites/HMDB0008403	LMGP01011880	http://www.lipidmaps.org/data/LMSDRecord.php?LMID=LMGP01011880	59849	https://metlin.scripps.edu/metabo_info.php?molid=59849	52923237	https://pubchem.ncbi.nlm.nih.gov/compound/52923237	PC(20:3(8Z,11Z,14Z)/18:3(6Z,9Z,12Z))	CCCCC\C=C/C\C=C/C\C=C/CCCCCCC(=O)OC[C@]([H])(COP([O-])(=O)OCC[N+](C)(C)C)OC(=O)CCCC\C=C/C\C=C/C\C=C/CCCCC	RIDIYDAFPMEWTP-AFNUAFPGSA-N	C46H80NO8P	806.1031	805.562155053	NA	Level_3
HMDB0008404	806.5651	peak457	0.0182458416588256	0.000384016306751534	-1.19988188637341	6.383825	383.0295	0.0277040335585035	6.383825	2	0.9047619	2256	PC(20:3(8Z,11Z,14Z)/18:3(9Z,12Z,15Z))	C46H80NO8P	M+H	805.562155053	5	2	1.4873674			http://www.hmdb.ca/metabolites/HMDB0008404	LMGP01011881	http://www.lipidmaps.org/data/LMSDRecord.php?LMID=LMGP01011881	59850	https://metlin.scripps.edu/metabo_info.php?molid=59850	52923239	https://pubchem.ncbi.nlm.nih.gov/compound/52923239	PC(20:3(8Z,11Z,14Z)/18:3(9Z,12Z,15Z))	CCCCC\C=C/C\C=C/C\C=C/CCCCCCC(=O)OC[C@]([H])(COP([O-])(=O)OCC[N+](C)(C)C)OC(=O)CCCCCCC\C=C/C\C=C/C\C=C/CC	ONHNZXQSGXKTJD-FKOQMNRQSA-N	C46H80NO8P	806.1031	805.562155053	NA	Level_3
HMDB0008434	806.5651	peak457	0.0182458416588256	0.000384016306751534	-1.19988188637341	6.383825	383.0295	0.0277040335585035	6.383825	2	0.9047619	2284	PC(20:4(5Z,8Z,11Z,14Z)/18:2(9Z,12Z))	C46H80NO8P	M+H	805.562155053	5	2	1.4873674			http://www.hmdb.ca/metabolites/HMDB0008434	LMGP01011909	http://www.lipidmaps.org/data/LMSDRecord.php?LMID=LMGP01011909	59880	https://metlin.scripps.edu/metabo_info.php?molid=59880	52923295	https://pubchem.ncbi.nlm.nih.gov/compound/52923295	PC(20:4(5Z,8Z,11Z,14Z)/18:2(9Z,12Z))	CCCCC\C=C/C\C=C/CCCCCCCC(=O)O[C@]([H])(COC(=O)CCC\C=C/C\C=C/C\C=C/C\C=C/CCCCC)COP([O-])(=O)OCC[N+](C)(C)C	PLZBTDKJYHXIEW-DZUXOTHRSA-N	C46H80NO8P	806.1031	805.562155053	NA	Level_3
HMDB0008467	806.5651	peak457	0.0182458416588256	0.000384016306751534	-1.19988188637341	6.383825	383.0295	0.0277040335585035	6.383825	2	0.9047619	2584	PC(20:4(8Z,11Z,14Z,17Z)/18:2(9Z,12Z))	C46H80NO8P	M+H	805.562155053	5	2	1.4873674			http://www.hmdb.ca/metabolites/HMDB0008467	LMGP01012212	http://www.lipidmaps.org/data/LMSDRecord.php?LMID=LMGP01012212	59913	https://metlin.scripps.edu/metabo_info.php?molid=59913	53479073	https://pubchem.ncbi.nlm.nih.gov/compound/53479073	PC(20:4(8Z,11Z,14Z,17Z)/18:2(9Z,12Z))	CCCCC\C=C/C\C=C/CCCCCCCC(=O)O[C@]([H])(COC(=O)CCCCCC\C=C/C\C=C/C\C=C/C\C=C/CC)COP([O-])(=O)OCC[N+](C)(C)C	CEJUIQBITPKHHY-OWEZASBCSA-N	C46H80NO8P	806.1031	805.562155053	NA	Level_3
HMDB0008498	806.5651	peak457	0.0182458416588256	0.000384016306751534	-1.19988188637341	6.383825	383.0295	0.0277040335585035	6.383825	2	0.9047619	2588	PC(20:5(5Z,8Z,11Z,14Z,17Z)/18:1(11Z))	C46H80NO8P	M+H	805.562155053	5	2	1.4873674			http://www.hmdb.ca/metabolites/HMDB0008498	LMGP01012216	http://www.lipidmaps.org/data/LMSDRecord.php?LMID=LMGP01012216	59944	https://metlin.scripps.edu/metabo_info.php?molid=59944	53479125	https://pubchem.ncbi.nlm.nih.gov/compound/53479125	PC(20:5(5Z,8Z,11Z,14Z,17Z)/18:1(11Z))	CCCCCC\C=C/CCCCCCCCCC(=O)O[C@]([H])(COC(=O)CCC\C=C/C\C=C/C\C=C/C\C=C/C\C=C/CC)COP([O-])(=O)OCC[N+](C)(C)C	KAAXHFGQTWYDKM-PDYZRCSUSA-N	C46H80NO8P	806.1031	805.562155053	NA	Level_3
HMDB0008499	806.5651	peak457	0.0182458416588256	0.000384016306751534	-1.19988188637341	6.383825	383.0295	0.0277040335585035	6.383825	2	0.9047619	1608	PC(20:5(5Z,8Z,11Z,14Z,17Z)/18:1(9Z))	C46H80NO8P	M+H	805.562155053	5	2	1.4873674			http://www.hmdb.ca/metabolites/HMDB0008499	LMGP01011057	http://www.lipidmaps.org/data/LMSDRecord.php?LMID=LMGP01011057	59945	https://metlin.scripps.edu/metabo_info.php?molid=59945	24779080	https://pubchem.ncbi.nlm.nih.gov/compound/24779080	PC(20:5(5Z,8Z,11Z,14Z,17Z)/18:1(9Z))	CCCCCCCC\C=C/CCCCCCCC(=O)O[C@]([H])(COC(=O)CCC\C=C/C\C=C/C\C=C/C\C=C/C\C=C/CC)COP([O-])(=O)OCC[N+](C)(C)C	JZKMYCPNBSRARO-YMBRLFDISA-N	C46H80NO8P	806.1031	805.562155053	NA	Level_3
HMDB0008591	806.5651	peak457	0.0182458416588256	0.000384016306751534	-1.19988188637341	6.383825	383.0295	0.0277040335585035	6.383825	2	0.9677419	2413	PC(22:2(13Z,16Z)/14:1(9Z))	C44H82NO8P	M+Na	783.577805117	2	2	1.4959663			http://www.hmdb.ca/metabolites/HMDB0008591	LMGP01012038	http://www.lipidmaps.org/data/LMSDRecord.php?LMID=LMGP01012038	60037	https://metlin.scripps.edu/metabo_info.php?molid=60037	52923553	https://pubchem.ncbi.nlm.nih.gov/compound/52923553	PC(22:2(13Z,16Z)/14:1(9Z))	CCCCC\C=C/C\C=C/CCCCCCCCCCCC(=O)OC[C@]([H])(COP([O-])(=O)OCC[N+](C)(C)C)OC(=O)CCCCCCC\C=C/CCCC	AHJIOIOFNHUXKJ-GXAHKNHCSA-N	C44H82NO8P	784.0975	783.577805117	NA	Level_3
HMDB0008660	806.5651	peak457	0.0182458416588256	0.000384016306751534	-1.19988188637341	6.383825	383.0295	0.0277040335585035	6.383825	2	0.9047619	89531	PC(22:5(4Z,7Z,10Z,13Z,16Z)/16:1(9Z))	C46H80NO8P	M+H	805.562155053	5	-2	1.375495			http://www.hmdb.ca/metabolites/HMDB0008660			60106	https://metlin.scripps.edu/metabo_info.php?molid=60106	53479283	https://pubchem.ncbi.nlm.nih.gov/compound/53479283	PC(22:5(4Z,7Z,10Z,13Z,16Z)/16:1(9Z))	CCCCCC\C=C/CCCCCCCC(=O)O[C@]([H])(COC(=O)CC\C=C/C\C=C/C\C=C/C\C=C/C\C=C/CCCCC)COP([O-])(=O)OCC[N+](C)(C)C	ZQVQZWAPLCJLRX-SCEKUSSYSA-N	C46H80NO8P	806.1031	805.562155053	NA	Level_3
HMDB0008693	806.5651	peak457	0.0182458416588256	0.000384016306751534	-1.19988188637341	6.383825	383.0295	0.0277040335585035	6.383825	2	0.9047619	139902	PC(22:5(7Z,10Z,13Z,16Z,19Z)/16:1(9Z))	C46H80NO8P	M+H	805.562155053	5	-2	1.375495			http://www.hmdb.ca/metabolites/HMDB0008693			60139	https://metlin.scripps.edu/metabo_info.php?molid=60139	53479349	https://pubchem.ncbi.nlm.nih.gov/compound/53479349	PC(22:5(7Z,10Z,13Z,16Z,19Z)/16:1(9Z))	CCCCCC\C=C/CCCCCCCC(=O)O[C@]([H])(COC(=O)CCCCC\C=C/C\C=C/C\C=C/C\C=C/C\C=C/CC)COP([O-])(=O)OCC[N+](C)(C)C	XVZHRLZRCCOROP-CIWMBDKCSA-N	C46H80NO8P	806.1031	805.562155053	NA	Level_3
HMDB0008725	806.5651	peak457	0.0182458416588256	0.000384016306751534	-1.19988188637341	6.383825	383.0295	0.0277040335585035	6.383825	2	0.9047619	1638	PC(22:6(4Z,7Z,10Z,13Z,16Z,19Z)/16:0)	C46H80NO8P	M+H	805.562155053	5	2	1.4873674			http://www.hmdb.ca/metabolites/HMDB0008725	LMGP01011116	http://www.lipidmaps.org/data/LMSDRecord.php?LMID=LMGP01011116	60171	https://metlin.scripps.edu/metabo_info.php?molid=60171	24779131	https://pubchem.ncbi.nlm.nih.gov/compound/24779131	PC(22:6(4Z,7Z,10Z,13Z,16Z,19Z)/16:0)	CCCCCCCCCCCCCCCC(=O)O[C@]([H])(COC(=O)CC\C=C/C\C=C/C\C=C/C\C=C/C\C=C/C\C=C/CC)COP([O-])(=O)OCC[N+](C)(C)C	YALZVLCVXOASDL-FZGNBNATSA-N	C46H80NO8P	806.1031	805.562155053	NA	Level_3
HMDB0001999	325.2139	peak171	0.0173052380923865	0.000628040689960195	-1.0234307089228	5.550533333	333.03199998	0.0317160548429898	5.550533333	-2	1.1034483	26346	EPA	C20H30O2	M+Na	302.224580204	0	1	1.055882	C06428	http://www.genome.jp/dbget-bin/www_bget?cpd:C06428	http://www.hmdb.ca/metabolites/HMDB0001999	LMFA01030759	http://www.lipidmaps.org/data/LMSDRecord.php?LMID=LMFA01030759	6423	https://metlin.scripps.edu/metabo_info.php?molid=6423	446284	https://pubchem.ncbi.nlm.nih.gov/compound/446284	Eicosapentaenoic acid	CC\C=C/C\C=C/C\C=C/C\C=C/C\C=C/CCCC(O)=O	JAZBEHYOTPTENJ-JLNKQSITSA-N	C20H30O2	302.451	302.224580204	NA	Level_3
HMDB0003598	325.2139	peak171	0.0173052380923865	0.000628040689960195	-1.0234307089228	5.550533333	333.03199998	0.0317160548429898	5.550533333	-2	-2	105546	Retinyl ester	C20H30O2	M+Na	302.224580204	0	-2	-2			http://www.hmdb.ca/metabolites/HMDB0003598			6966	https://metlin.scripps.edu/metabo_info.php?molid=6966	5460164	https://pubchem.ncbi.nlm.nih.gov/compound/5460164	Retinyl ester	CC1CCCC(C)(C)C1\C=C\C(\C)=C\C=C\C(\C)=C\C(O)=O	WWDMJSSVVPXVSV-YCNIQYBTSA-N	C20H30O2	302.451	302.224580204	NA	Level_3
HMDB0014439	325.2139	peak171	0.0173052380923865	0.000628040689960195	-1.0234307089228	5.550533333	333.03199998	0.0317160548429898	5.550533333	-2	-2	89496	Etonogestrel	C22H28O2	M+H	324.20893014	7	-2	-2			http://www.hmdb.ca/metabolites/HMDB0014439			1954	https://metlin.scripps.edu/metabo_info.php?molid=1954	6917715	https://pubchem.ncbi.nlm.nih.gov/compound/6917715	Etonogestrel	[H][C@@]12CC[C@@](O)(C#C)[C@@]1(CC)CC(=C)[C@]1([H])[C@@]3([H])CCC(=O)C=C3CC[C@@]21[H]	GCKFUYQCUCGESZ-BPIQYHPVSA-N	C22H28O2	324.4565	324.20893014	NA	Level_3
HMDB0015655	325.2139	peak171	0.0173052380923865	0.000628040689960195	-1.0234307089228	5.550533333	333.03199998	0.0317160548429898	5.550533333	-2	-2	39440	17-Methyltestosterone	C20H30O2	M+Na	302.224580204	0	-2	-2	C07198	http://www.genome.jp/dbget-bin/www_bget?cpd:C07198	http://www.hmdb.ca/metabolites/HMDB0015655	LMST02020029	http://www.lipidmaps.org/data/LMSDRecord.php?LMID=LMST02020029	41848	https://metlin.scripps.edu/metabo_info.php?molid=41848	6010	https://pubchem.ncbi.nlm.nih.gov/compound/6010	Methyltestosterone	[H][C@@]12CC[C@](C)(O)[C@@]1(C)CC[C@@]1([H])[C@@]2([H])CCC2=CC(=O)CC[C@]12C	GCKMFJBGXUYNAG-HLXURNFRSA-N	C20H30O2	302.451	302.224580204	NA	Level_3
HMDB0060710	325.2139	peak171	0.0173052380923865	0.000628040689960195	-1.0234307089228	5.550533333	333.03199998	0.0317160548429898	5.550533333	-2	-2	149245	17-Hydroxymethylethisterone	C22H30O3	M+H-H2O	342.219494826	7	-2	-2			http://www.hmdb.ca/metabolites/HMDB0060710					160654	https://pubchem.ncbi.nlm.nih.gov/compound/160654	17-Hydroxymethylethisterone	C[C@]12CC[C@H]3[C@@H](CCC4=CC(=O)[C@H](CO)C[C@]34C)[C@@H]1CCC2(O)C#C	JGJFMZZHCOKXHX-RIONBYPISA-N	C22H30O3	342.4718	342.219494826	NA	Level_3
HMDB0007890	802.5348	peak446	0.778672403544949	0.000794954137261312	-0.653485850490295	8.0269	481.614	0.0334543199430802	8.0269	2	0.34146342	2505	PC(14:0/22:5(4Z,7Z,10Z,13Z,16Z))	C44H78NO8P	M+Na	779.546504989	1	2	0.9861788			http://www.hmdb.ca/metabolites/HMDB0007890	LMGP01012130	http://www.lipidmaps.org/data/LMSDRecord.php?LMID=LMGP01012130	59340	https://metlin.scripps.edu/metabo_info.php?molid=59340	53478611	https://pubchem.ncbi.nlm.nih.gov/compound/53478611	PC(36:5)	CCCCCCCCCCCCCC(=O)OC[C@]([H])(COP([O-])(=O)OCC[N+](C)(C)C)OC(=O)CC\C=C/C\C=C/C\C=C/C\C=C/C\C=C/CCCCC	MGUTYWPZCZBAGE-JZDIRDTQSA-N	C44H78NO8P	780.0658	779.546504989	NA	Level_3
HMDB0007891	802.5348	peak446	0.778672403544949	0.000794954137261312	-0.653485850490295	8.0269	481.614	0.0334543199430802	8.0269	2	0.34146342	2506	PC(14:0/22:5(7Z,10Z,13Z,16Z,19Z))	C44H78NO8P	M+Na	779.546504989	1	2	0.9861788			http://www.hmdb.ca/metabolites/HMDB0007891	LMGP01012131	http://www.lipidmaps.org/data/LMSDRecord.php?LMID=LMGP01012131	59341	https://metlin.scripps.edu/metabo_info.php?molid=59341	53478613	https://pubchem.ncbi.nlm.nih.gov/compound/53478613	PC(14:0/22:5(7Z,10Z,13Z,16Z,19Z))	CCCCCCCCCCCCCC(=O)OC[C@]([H])(COP([O-])(=O)OCC[N+](C)(C)C)OC(=O)CCCCC\C=C/C\C=C/C\C=C/C\C=C/C\C=C/CC	SFEMWZZGMMRGCX-DYPKKMQZSA-N	C44H78NO8P	780.0658	779.546504989	NA	Level_3
HMDB0007922	802.5348	peak446	0.778672403544949	0.000794954137261312	-0.653485850490295	8.0269	481.614	0.0334543199430802	8.0269	2	0.34146342	1782	PC(14:1(9Z)/22:4(7Z,10Z,13Z,16Z))	C44H78NO8P	M+Na	779.546504989	1	2	0.9861788			http://www.hmdb.ca/metabolites/HMDB0007922	LMGP01011407	http://www.lipidmaps.org/data/LMSDRecord.php?LMID=LMGP01011407	59372	https://metlin.scripps.edu/metabo_info.php?molid=59372	52922296	https://pubchem.ncbi.nlm.nih.gov/compound/52922296	PC(14:1(9Z)/22:4(7Z,10Z,13Z,16Z))	CCCCC\C=C/C\C=C/C\C=C/C\C=C/CCCCCC(=O)O[C@]([H])(COC(=O)CCCCCCC\C=C/CCCC)COP([O-])(=O)OCC[N+](C)(C)C	XBLSNYPBWMKQLW-WPNBCRARSA-N	C44H78NO8P	780.0658	779.546504989	NA	Level_3
HMDB0007984	802.5348	peak446	0.778672403544949	0.000794954137261312	-0.653485850490295	8.0269	481.614	0.0334543199430802	8.0269	2	0.34146342	1388	PC(16:0/20:5(5Z,8Z,11Z,14Z,17Z))	C44H78NO8P	M+Na	779.546504989	1	2	0.9861788			http://www.hmdb.ca/metabolites/HMDB0007984	LMGP01010633	http://www.lipidmaps.org/data/LMSDRecord.php?LMID=LMGP01010633	59432	https://metlin.scripps.edu/metabo_info.php?molid=59432	24778723	https://pubchem.ncbi.nlm.nih.gov/compound/24778723	PC(16:0/20:5(5Z,8Z,11Z,14Z,17Z))	CCCCCCCCCCCCCCCC(=O)OC[C@]([H])(COP([O-])(=O)OCC[N+](C)(C)C)OC(=O)CCC\C=C/C\C=C/C\C=C/C\C=C/C\C=C/CC	KLTHQSWIRFFBRI-CPFPVJFHSA-N	C44H78NO8P	780.0658	779.546504989	NA	Level_3
HMDB0008015	802.5348	peak446	0.778672403544949	0.000794954137261312	-0.653485850490295	8.0269	481.614	0.0334543199430802	8.0269	2	0.34146342	1415	PC(16:1(9Z)/20:4(5Z,8Z,11Z,14Z))	C44H78NO8P	M+Na	779.546504989	1	2	0.9861788			http://www.hmdb.ca/metabolites/HMDB0008015	LMGP01010695	http://www.lipidmaps.org/data/LMSDRecord.php?LMID=LMGP01010695	59463	https://metlin.scripps.edu/metabo_info.php?molid=59463	24778771	https://pubchem.ncbi.nlm.nih.gov/compound/24778771	PC(16:1(9Z)/20:4(5Z,8Z,11Z,14Z))	CCCCCC\C=C/CCCCCCCC(=O)OC[C@]([H])(COP([O-])(=O)OCC[N+](C)(C)C)OC(=O)CCC\C=C/C\C=C/C\C=C/C\C=C/CCCCC	DYDDZDMJSQYFGN-OIVUZXIWSA-N	C44H78NO8P	780.0658	779.546504989	NA	Level_3
HMDB0008016	802.5348	peak446	0.778672403544949	0.000794954137261312	-0.653485850490295	8.0269	481.614	0.0334543199430802	8.0269	2	0.34146342	2514	PC(16:1(9Z)/20:4(8Z,11Z,14Z,17Z))	C44H78NO8P	M+Na	779.546504989	1	2	0.9861788			http://www.hmdb.ca/metabolites/HMDB0008016	LMGP01012139	http://www.lipidmaps.org/data/LMSDRecord.php?LMID=LMGP01012139	59464	https://metlin.scripps.edu/metabo_info.php?molid=59464	53478681	https://pubchem.ncbi.nlm.nih.gov/compound/53478681	PC(16:1(9Z)/20:4(8Z,11Z,14Z,17Z))	CCCCCC\C=C/CCCCCCCC(=O)OC[C@]([H])(COP([O-])(=O)OCC[N+](C)(C)C)OC(=O)CCCCCC\C=C/C\C=C/C\C=C/C\C=C/CC	NJKOHDXHBBUJBZ-HVRDEFPWSA-N	C44H78NO8P	780.0658	779.546504989	NA	Level_3
HMDB0008075	802.5348	peak446	0.778672403544949	0.000794954137261312	-0.653485850490295	8.0269	481.614	0.0334543199430802	8.0269	2	0.34146342	2526	PC(18:1(11Z)/18:4(6Z,9Z,12Z,15Z))	C44H78NO8P	M+Na	779.546504989	1	2	0.9861788			http://www.hmdb.ca/metabolites/HMDB0008075	LMGP01012152	http://www.lipidmaps.org/data/LMSDRecord.php?LMID=LMGP01012152	59522	https://metlin.scripps.edu/metabo_info.php?molid=59522	53478729	https://pubchem.ncbi.nlm.nih.gov/compound/53478729	PC(18:1(11Z)/18:4(6Z,9Z,12Z,15Z))	CCCCCC\C=C/CCCCCCCCCC(=O)OC[C@]([H])(COP([O-])(=O)OCC[N+](C)(C)C)OC(=O)CCCC\C=C/C\C=C/C\C=C/C\C=C/CC	QAMLWHXIPWZMCT-WXVJBZSZSA-N	C44H78NO8P	780.0658	779.546504989	NA	Level_3
HMDB0008108	802.5348	peak446	0.778672403544949	0.000794954137261312	-0.653485850490295	8.0269	481.614	0.0334543199430802	8.0269	2	0.34146342	1979	PC(18:1(9Z)/18:4(6Z,9Z,12Z,15Z))	C44H78NO8P	M+Na	779.546504989	1	2	0.9861788			http://www.hmdb.ca/metabolites/HMDB0008108	LMGP01011604	http://www.lipidmaps.org/data/LMSDRecord.php?LMID=LMGP01011604	59554	https://metlin.scripps.edu/metabo_info.php?molid=59554	52922687	https://pubchem.ncbi.nlm.nih.gov/compound/52922687	PC(18:1(9Z)/18:4(6Z,9Z,12Z,15Z))	[H][C@@](COC(=O)CCCCCCC\C=C/CCCCCCCC)(COP([O-])(=O)OCC[N+](C)(C)C)OC(=O)CCCC\C=C/C\C=C/C\C=C/C\C=C/CC	VTBLOCMXAXXMCO-ITFWVWPTSA-N	C44H78NO8P	780.0658	779.546504989	NA	Level_3
HMDB0008140	802.5348	peak446	0.778672403544949	0.000794954137261312	-0.653485850490295	8.0269	481.614	0.0334543199430802	8.0269	2	0.34146342	2000	PC(18:2(9Z,12Z)/18:3(6Z,9Z,12Z))	C44H78NO8P	M+Na	779.546504989	1	2	0.9861788			http://www.hmdb.ca/metabolites/HMDB0008140	LMGP01011625	http://www.lipidmaps.org/data/LMSDRecord.php?LMID=LMGP01011625	59586	https://metlin.scripps.edu/metabo_info.php?molid=59586	52922729	https://pubchem.ncbi.nlm.nih.gov/compound/52922729	PC(18:2(9Z,12Z)/18:3(6Z,9Z,12Z))	CCCCC\C=C/C\C=C/CCCCCCCC(=O)OC[C@]([H])(COP([O-])(=O)OCC[N+](C)(C)C)OC(=O)CCCC\C=C/C\C=C/C\C=C/CCCCC	ZYUVFKWRZDKQNL-YHOYFWGCSA-N	C44H78NO8P	780.0658	779.546504989	NA	Level_3
HMDB0008141	802.5348	peak446	0.778672403544949	0.000794954137261312	-0.653485850490295	8.0269	481.614	0.0334543199430802	8.0269	2	0.34146342	2001	PC(18:2(9Z,12Z)/18:3(9Z,12Z,15Z))	C44H78NO8P	M+Na	779.546504989	1	2	0.9861788			http://www.hmdb.ca/metabolites/HMDB0008141	LMGP01011626	http://www.lipidmaps.org/data/LMSDRecord.php?LMID=LMGP01011626	59587	https://metlin.scripps.edu/metabo_info.php?molid=59587	52922731	https://pubchem.ncbi.nlm.nih.gov/compound/52922731	PC(18:2(9Z,12Z)/18:3(9Z,12Z,15Z))	CCCCC\C=C/C\C=C/CCCCCCCC(=O)OC[C@]([H])(COP([O-])(=O)OCC[N+](C)(C)C)OC(=O)CCCCCCC\C=C/C\C=C/C\C=C/CC	HZGAVPNEGHQJID-UNBCHYIMSA-N	C44H78NO8P	780.0658	779.546504989	NA	Level_3
HMDB0008171	802.5348	peak446	0.778672403544949	0.000794954137261312	-0.653485850490295	8.0269	481.614	0.0334543199430802	8.0269	2	0.34146342	2028	PC(18:3(6Z,9Z,12Z)/18:2(9Z,12Z))	C44H78NO8P	M+Na	779.546504989	1	2	0.9861788			http://www.hmdb.ca/metabolites/HMDB0008171	LMGP01011653	http://www.lipidmaps.org/data/LMSDRecord.php?LMID=LMGP01011653	59617	https://metlin.scripps.edu/metabo_info.php?molid=59617	52922785	https://pubchem.ncbi.nlm.nih.gov/compound/52922785	PC(18:3(6Z,9Z,12Z)/18:2(9Z,12Z))	CCCCC\C=C/C\C=C/CCCCCCCC(=O)O[C@]([H])(COC(=O)CCCC\C=C/C\C=C/C\C=C/CCCCC)COP([O-])(=O)OCC[N+](C)(C)C	HBJOLTVTFPGCMX-XXDURKHJSA-N	C44H78NO8P	780.0658	779.546504989	NA	Level_3
HMDB0008204	802.5348	peak446	0.778672403544949	0.000794954137261312	-0.653485850490295	8.0269	481.614	0.0334543199430802	8.0269	2	0.34146342	2058	PC(18:3(9Z,12Z,15Z)/18:2(9Z,12Z))	C44H78NO8P	M+Na	779.546504989	1	2	0.9861788			http://www.hmdb.ca/metabolites/HMDB0008204	LMGP01011683	http://www.lipidmaps.org/data/LMSDRecord.php?LMID=LMGP01011683	59650	https://metlin.scripps.edu/metabo_info.php?molid=59650	52922845	https://pubchem.ncbi.nlm.nih.gov/compound/52922845	PC(18:3(9Z,12Z,15Z)/18:2(9Z,12Z))	CCCCC\C=C/C\C=C/CCCCCCCC(=O)O[C@]([H])(COC(=O)CCCCCCC\C=C/C\C=C/C\C=C/CC)COP([O-])(=O)OCC[N+](C)(C)C	QFDYIDGUKXRPKH-VSLGLSMXSA-N	C44H78NO8P	780.0658	779.546504989	NA	Level_3
HMDB0008235	802.5348	peak446	0.778672403544949	0.000794954137261312	-0.653485850490295	8.0269	481.614	0.0334543199430802	8.0269	2	0.34146342	2554	PC(18:4(6Z,9Z,12Z,15Z)/18:1(11Z))	C44H78NO8P	M+Na	779.546504989	1	2	0.9861788			http://www.hmdb.ca/metabolites/HMDB0008235	LMGP01012182	http://www.lipidmaps.org/data/LMSDRecord.php?LMID=LMGP01012182	59681	https://metlin.scripps.edu/metabo_info.php?molid=59681	53478855	https://pubchem.ncbi.nlm.nih.gov/compound/53478855	PC(18:4(6Z,9Z,12Z,15Z)/18:1(11Z))	CCCCCC\C=C/CCCCCCCCCC(=O)O[C@]([H])(COC(=O)CCCC\C=C/C\C=C/C\C=C/C\C=C/CC)COP([O-])(=O)OCC[N+](C)(C)C	QOXYZMOODLXNGF-DEURNQBTSA-N	C44H78NO8P	780.0658	779.546504989	NA	Level_3
HMDB0008236	802.5348	peak446	0.778672403544949	0.000794954137261312	-0.653485850490295	8.0269	481.614	0.0334543199430802	8.0269	2	0.34146342	2087	PC(18:4(6Z,9Z,12Z,15Z)/18:1(9Z))	C44H78NO8P	M+Na	779.546504989	1	2	0.9861788			http://www.hmdb.ca/metabolites/HMDB0008236	LMGP01011712	http://www.lipidmaps.org/data/LMSDRecord.php?LMID=LMGP01011712	59682	https://metlin.scripps.edu/metabo_info.php?molid=59682	52922903	https://pubchem.ncbi.nlm.nih.gov/compound/52922903	PC(18:4(6Z,9Z,12Z,15Z)/18:1(9Z))	CCCCCCCC\C=C/CCCCCCCC(=O)O[C@]([H])(COC(=O)CCCC\C=C/C\C=C/C\C=C/C\C=C/CC)COP([O-])(=O)OCC[N+](C)(C)C	SQOJMBITSSDGAU-MAFUUHOFSA-N	C44H78NO8P	780.0658	779.546504989	NA	Level_3
HMDB0008430	802.5348	peak446	0.778672403544949	0.000794954137261312	-0.653485850490295	8.0269	481.614	0.0334543199430802	8.0269	2	0.34146342	2278	PC(20:4(5Z,8Z,11Z,14Z)/16:1(9Z))	C44H78NO8P	M+Na	779.546504989	1	2	0.9861788			http://www.hmdb.ca/metabolites/HMDB0008430	LMGP01011903	http://www.lipidmaps.org/data/LMSDRecord.php?LMID=LMGP01011903	59876	https://metlin.scripps.edu/metabo_info.php?molid=59876	52923283	https://pubchem.ncbi.nlm.nih.gov/compound/52923283	PC(20:4(5Z,8Z,11Z,14Z)/16:1(9Z))	CCCCCC\C=C/CCCCCCCC(=O)O[C@]([H])(COC(=O)CCC\C=C/C\C=C/C\C=C/C\C=C/CCCCC)COP([O-])(=O)OCC[N+](C)(C)C	KKRYRHYMXROGPM-SOVKMKKSSA-N	C44H78NO8P	780.0658	779.546504989	NA	Level_3
HMDB0008463	802.5348	peak446	0.778672403544949	0.000794954137261312	-0.653485850490295	8.0269	481.614	0.0334543199430802	8.0269	2	0.34146342	2582	PC(20:4(8Z,11Z,14Z,17Z)/16:1(9Z))	C44H78NO8P	M+Na	779.546504989	1	2	0.9861788			http://www.hmdb.ca/metabolites/HMDB0008463	LMGP01012210	http://www.lipidmaps.org/data/LMSDRecord.php?LMID=LMGP01012210	59909	https://metlin.scripps.edu/metabo_info.php?molid=59909	53479065	https://pubchem.ncbi.nlm.nih.gov/compound/53479065	PC(20:4(8Z,11Z,14Z,17Z)/16:1(9Z))	CCCCCC\C=C/CCCCCCCC(=O)O[C@]([H])(COC(=O)CCCCCC\C=C/C\C=C/C\C=C/C\C=C/CC)COP([O-])(=O)OCC[N+](C)(C)C	YZVMADINWPHQBY-HVRDEFPWSA-N	C44H78NO8P	780.0658	779.546504989	NA	Level_3
HMDB0008495	802.5348	peak446	0.778672403544949	0.000794954137261312	-0.653485850490295	8.0269	481.614	0.0334543199430802	8.0269	2	0.34146342	2307	PC(20:5(5Z,8Z,11Z,14Z,17Z)/16:0)	C44H78NO8P	M+Na	779.546504989	1	2	0.9861788			http://www.hmdb.ca/metabolites/HMDB0008495	LMGP01011932	http://www.lipidmaps.org/data/LMSDRecord.php?LMID=LMGP01011932	59941	https://metlin.scripps.edu/metabo_info.php?molid=59941	52923341	https://pubchem.ncbi.nlm.nih.gov/compound/52923341	PC(20:5(5Z,8Z,11Z,14Z,17Z)/16:0)	CCCCCCCCCCCCCCCC(=O)O[C@]([H])(COC(=O)CCC\C=C/C\C=C/C\C=C/C\C=C/C\C=C/CC)COP([O-])(=O)OCC[N+](C)(C)C	SUZYROYNFNQALJ-MHEIZRSESA-N	C44H78NO8P	780.0658	779.546504989	NA	Level_3
HMDB0008624	802.5348	peak446	0.778672403544949	0.000794954137261312	-0.653485850490295	8.0269	481.614	0.0334543199430802	8.0269	2	0.34146342	2444	PC(22:4(7Z,10Z,13Z,16Z)/14:1(9Z))	C44H78NO8P	M+Na	779.546504989	1	2	0.9861788			http://www.hmdb.ca/metabolites/HMDB0008624	LMGP01012069	http://www.lipidmaps.org/data/LMSDRecord.php?LMID=LMGP01012069	60070	https://metlin.scripps.edu/metabo_info.php?molid=60070	52923615	https://pubchem.ncbi.nlm.nih.gov/compound/52923615	PC(22:4(7Z,10Z,13Z,16Z)/14:1(9Z))	CCCCC\C=C/C\C=C/C\C=C/C\C=C/CCCCCC(=O)OC[C@]([H])(COP([O-])(=O)OCC[N+](C)(C)C)OC(=O)CCCCCCC\C=C/CCCC	UJZMLLMWTJZZJX-WPNBCRARSA-N	C44H78NO8P	780.0658	779.546504989	NA	Level_3
HMDB0008656	802.5348	peak446	0.778672403544949	0.000794954137261312	-0.653485850490295	8.0269	481.614	0.0334543199430802	8.0269	2	0.34146342	2604	PC(22:5(4Z,7Z,10Z,13Z,16Z)/14:0)	C44H78NO8P	M+Na	779.546504989	1	2	0.9861788			http://www.hmdb.ca/metabolites/HMDB0008656	LMGP01012232	http://www.lipidmaps.org/data/LMSDRecord.php?LMID=LMGP01012232	60102	https://metlin.scripps.edu/metabo_info.php?molid=60102	53479275	https://pubchem.ncbi.nlm.nih.gov/compound/53479275	PC(22:5(4Z,7Z,10Z,13Z,16Z)/14:0)	CCCCCCCCCCCCCC(=O)O[C@]([H])(COC(=O)CC\C=C/C\C=C/C\C=C/C\C=C/C\C=C/CCCCC)COP([O-])(=O)OCC[N+](C)(C)C	AJLDCHCYUANNSO-WMUBFXSWSA-N	C44H78NO8P	780.0658	779.546504989	NA	Level_3
HMDB0008689	802.5348	peak446	0.778672403544949	0.000794954137261312	-0.653485850490295	8.0269	481.614	0.0334543199430802	8.0269	2	0.34146342	2606	PC(22:5(7Z,10Z,13Z,16Z,19Z)/14:0)	C44H78NO8P	M+Na	779.546504989	1	2	0.9861788			http://www.hmdb.ca/metabolites/HMDB0008689	LMGP01012234	http://www.lipidmaps.org/data/LMSDRecord.php?LMID=LMGP01012234	60135	https://metlin.scripps.edu/metabo_info.php?molid=60135	53479341	https://pubchem.ncbi.nlm.nih.gov/compound/53479341	PC(22:5(7Z,10Z,13Z,16Z,19Z)/14:0)	CCCCCCCCCCCCCC(=O)O[C@]([H])(COC(=O)CCCCC\C=C/C\C=C/C\C=C/C\C=C/C\C=C/CC)COP([O-])(=O)OCC[N+](C)(C)C	LPZVTJRCWZIDNE-DYPKKMQZSA-N	C44H78NO8P	780.0658	779.546504989	NA	Level_3
NA	319.1717	peak167	0.012620125758321	0.000794954137261312	-1.1899632887884	2.29515	137.709	0.0334543199430802	NA	NA	NA	NA	NA	NA	NA	NA	NA	NA	NA	NA	NA	NA	NA	NA	NA	NA	NA	NA	NA	NA	NA	NA	NA	NA	NA	Level_3
HMDB0004259	265.1179	peak112	0.335731582596582	0.000998980828029152	-1.03592162875127	2.328475	139.7085	0.0336323545436481	2.328475	-2	-2	120767	Acetyl-N-formyl-5-methoxykynurenamine	C13H16N2O4	M+H	264.11100701	1	-2	-2	C05642	http://www.genome.jp/dbget-bin/www_bget?cpd:C05642	http://www.hmdb.ca/metabolites/HMDB0004259			44788	https://metlin.scripps.edu/metabo_info.php?molid=44788	171161	https://pubchem.ncbi.nlm.nih.gov/compound/171161	Acetyl-N-formyl-5-methoxykynurenamine	COC1=CC(C(=O)CCNC(C)=O)=C(NC=O)C=C1	JYWNYMJKURVPFH-UHFFFAOYSA-N	C13H16N2O4	264.2771	264.11100701	NA	Level_3
HMDB0006344	265.1179	peak112	0.335731582596582	0.000998980828029152	-1.03592162875127	2.328475	139.7085	0.0336323545436481	2.328475	-2	-2	128061	Alpha-N-Phenylacetyl-L-glutamine	C13H16N2O4	M+H	264.11100701	1	-2	-2	C04148	http://www.genome.jp/dbget-bin/www_bget?cpd:C04148	http://www.hmdb.ca/metabolites/HMDB0006344			58397	https://metlin.scripps.edu/metabo_info.php?molid=58397	92258	https://pubchem.ncbi.nlm.nih.gov/compound/92258	Phenylacetylglutamine	NC(=O)CC[C@H](NC(=O)CC1=CC=CC=C1)C(O)=O	JFLIEFSWGNOPJJ-JTQLQIEISA-N	C13H16N2O4	264.2771	264.11100701	NA	Level_3
HMDB0015258	265.1179	peak112	0.335731582596582	0.000998980828029152	-1.03592162875127	2.328475	139.7085	0.0336323545436481	2.328475	-2	-2	44915	Dutasteride	C27H30F6N2O2	M+2H	528.221147444	0	-2	-2			http://www.hmdb.ca/metabolites/HMDB0015258			85470	https://metlin.scripps.edu/metabo_info.php?molid=85470	6918296	https://pubchem.ncbi.nlm.nih.gov/compound/6918296	Dutasteride	[H][C@@]1(CC[C@@]2([H])[C@]3([H])CC[C@@]4([H])NC(=O)C=C[C@]4(C)[C@@]3([H])CC[C@]12C)C(=O)NC1=CC(=CC=C1C(F)(F)F)C(F)(F)F	JWJOTENAMICLJG-QWBYCMEYSA-N	C27H30F6N2O2	528.5297	528.221147444	NA	Level_3
HMDB0028748	265.1179	peak112	0.335731582596582	0.000998980828029152	-1.03592162875127	2.328475	139.7085	0.0336323545436481	2.328475	-2	-2	49652	Aspartyl-Asparagine	C8H13N3O6	M+NH4	247.080435163	15	-2	-2			http://www.hmdb.ca/metabolites/HMDB0028748			85663	https://metlin.scripps.edu/metabo_info.php?molid=85663	18218190	https://pubchem.ncbi.nlm.nih.gov/compound/18218190	Aspartyl-Asparagine	NC(CC(O)=O)C(=O)NC(CC(N)=O)C(O)=O	VGRHZPNRCLAHQA-UHFFFAOYSA-N	C8H13N3O6	247.2053	247.080435163	NA	Level_3
HMDB0029115	265.1179	peak112	0.335731582596582	0.000998980828029152	-1.03592162875127	2.328475	139.7085	0.0336323545436481	2.328475	-2	-2	58122	Tyrosyl-Threonine	C13H18N2O5	M+H-H2O	282.121571696	2	-2	-2			http://www.hmdb.ca/metabolites/HMDB0029115			86007	https://metlin.scripps.edu/metabo_info.php?molid=86007	14522584	https://pubchem.ncbi.nlm.nih.gov/compound/14522584	Tyrosyl-Threonine	CC(O)C(NC(=O)C(N)CC1=CC=C(O)C=C1)C(O)=O	MFEVVAXTBZELLL-UHFFFAOYSA-N	C13H18N2O5	282.2924	282.121571696	NA	Level_3
HMDB0031740	265.1179	peak112	0.335731582596582	0.000998980828029152	-1.03592162875127	2.328475	139.7085	0.0336323545436481	2.328475	-2	-2	133734	Methyl dihydrojasmonate	C13H22O3	M+K	226.15689457	10	-2	-2			http://www.hmdb.ca/metabolites/HMDB0031740			43916	https://metlin.scripps.edu/metabo_info.php?molid=43916	1738124	https://pubchem.ncbi.nlm.nih.gov/compound/1738124	Methyl dihydrojasmonate	CCCCC[C@@H]1[C@@H](CC(=O)OC)CCC1=O	KVWWIYGFBYDJQC-GHMZBOCLSA-N	C13H22O3	226.312	226.15689457	NA	Level_3
HMDB0061136	265.1179	peak112	0.335731582596582	0.000998980828029152	-1.03592162875127	2.328475	139.7085	0.0336323545436481	2.328475	-2	-2	113243	di-Hydroxymelatonin	C13H16N2O4	M+H	264.11100701	1	-2	-2			http://www.hmdb.ca/metabolites/HMDB0061136					131770044	https://pubchem.ncbi.nlm.nih.gov/compound/131770044	di-Hydroxymelatonin	COC1=C(O)C2=C(NC=C2CCNC(C)=O)C=C1O	UEZDFVJSDBULCI-UHFFFAOYSA-N	C13H16N2O4	264.2771	264.11100701	NA	Level_3
HMDB0061146	265.1179	peak112	0.335731582596582	0.000998980828029152	-1.03592162875127	2.328475	139.7085	0.0336323545436481	2.328475	-2	-2	110873	Hydroxy-lacosamide	C13H18N2O5	M+H-H2O	282.121571696	2	-2	-2			http://www.hmdb.ca/metabolites/HMDB0061146					131770049	https://pubchem.ncbi.nlm.nih.gov/compound/131770049	Hydroxy-lacosamide	COC[C@@H](NCC(O)=O)C(=O)NCC1=CC=C(O)C=C1	RBFMZJMSICTYCA-LLVKDONJSA-N	C13H18N2O5	282.2924	282.121571696	NA	Level_3
